Workbook

Sheet thongke
A1: Tháng | B1: Giới tính | D1: Tổng cộng | E1: Số người cần xét nghiệm đường máu mao mạch | G1: Tổng cộng | H1: Số nghi ngờ ĐTĐ thông qua tầm soát | J1: Tổng cộng | K1: Số nghi ngờ THA thông qua tầm soát | M1: Tổng cộng | N1: Nguy cơ mắc Hen | P1: Tổng cộng | Q1: Nguy cơ mắc COPD | S1: Tổng cộng
B2: Nam | C2: Nữ | E2: Nam | F2: Nữ | H2: Nam | I2: Nữ | K2: Nam | L2: Nữ | N2: Nam | O2: Nữ | Q2: Nam | R2: Nữ
A3: Tháng 1 | B3: =COUNTIFS('ksl2'!$AM:$AM,$A3,'ksl2'!$B:$B,$B$2) -> 55 | C3: =COUNTIFS('ksl2'!$AM:$AM,$A3,'ksl2'!$B:$B,$C$2) -> 95 | D3: =SUM(B3:C3) -> 150 | E3: =COUNTIFS('ksl2'!$AM:$AM,$A3,'ksl2'!$B:$B,$E$2,'ksl2'!$AH:$AH,"Có") -> 46 | F3: =COUNTIFS('ksl2'!$AM:$AM,$A3,'ksl2'!$B:$B,$F$2,'ksl2'!$AH:$AH,"Có") -> 68 | G3: =SUM(E3:F3) -> 114 | H3: =COUNTIFS('ksl2'!$AM:$AM,$A3,'ksl2'!$B:$B,$H$2,'ksl2'!$AI:$AI,"Có") -> 46 | I3: =COUNTIFS('ksl2'!$AM:$AM,$A3,'ksl2'!$B:$B,$I$2,'ksl2'!$AI:$AI,"Có") -> 68 | J3: =SUM(H3:I3) -> 114 | K3: =COUNTIFS('ksl2'!$AM:$AM,$A3,'ksl2'!$B:$B,$K$2,'ksl2'!$AJ:$AJ,"Có") -> 22 | L3: =COUNTIFS('ksl2'!$AM:$AM,$A3,'ksl2'!$B:$B,$L$2,'ksl2'!$AJ:$AJ,"Có") -> 24 | M3: =SUM(K3:L3) -> 46 | N3: =COUNTIFS('ksl2'!$AM:$AM,$A3,'ksl2'!$B:$B,$N$2,'ksl2'!$AF:$AF,"Có") -> 0 | O3: =COUNTIFS('ksl2'!$AM:$AM,$A3,'ksl2'!$B:$B,$O$2,'ksl2'!$AF:$AF,"Có") -> 0 | P3: =SUM(N3:O3) -> 0 | Q3: =COUNTIFS('ksl2'!$AM:$AM,$A3,'ksl2'!$B:$B,$Q$2,'ksl2'!$AG:$AG,"Có") -> 0 | R3: =COUNTIFS('ksl2'!$AM:$AM,$A3,'ksl2'!$B:$B,$R$2,'ksl2'!$AG:$AG,"Có") -> 0 | S3: =SUM(Q3:R3) -> 0
A4: Tháng 2 | B4: =COUNTIFS('ksl2'!$AM:$AM,$A4,'ksl2'!$B:$B,$B$2) -> 95 | C4: =COUNTIFS('ksl2'!$AM:$AM,$A4,'ksl2'!$B:$B,$C$2) -> 105 | D4: =SUM(B4:C4) -> 200 | E4: =COUNTIFS('ksl2'!$AM:$AM,$A4,'ksl2'!$B:$B,$E$2,'ksl2'!$AH:$AH,"Có") -> 83 | F4: =COUNTIFS('ksl2'!$AM:$AM,$A4,'ksl2'!$B:$B,$F$2,'ksl2'!$AH:$AH,"Có") -> 62 | G4: =SUM(E4:F4) -> 145 | H4: =COUNTIFS('ksl2'!$AM:$AM,$A4,'ksl2'!$B:$B,$H$2,'ksl2'!$AI:$AI,"Có") -> 83 | I4: =COUNTIFS('ksl2'!$AM:$AM,$A4,'ksl2'!$B:$B,$I$2,'ksl2'!$AI:$AI,"Có") -> 62 | J4: =SUM(H4:I4) -> 145 | K4: =COUNTIFS('ksl2'!$AM:$AM,$A4,'ksl2'!$B:$B,$K$2,'ksl2'!$AJ:$AJ,"Có") -> 36 | L4: =COUNTIFS('ksl2'!$AM:$AM,$A4,'ksl2'!$B:$B,$L$2,'ksl2'!$AJ:$AJ,"Có") -> 29 | M4: =SUM(K4:L4) -> 65 | N4: =COUNTIFS('ksl2'!$AM:$AM,$A4,'ksl2'!$B:$B,$N$2,'ksl2'!$AF:$AF,"Có") -> 0 | O4: =COUNTIFS('ksl2'!$AM:$AM,$A4,'ksl2'!$B:$B,$O$2,'ksl2'!$AF:$AF,"Có") -> 0 | P4: =SUM(N4:O4) -> 0 | Q4: =COUNTIFS('ksl2'!$AM:$AM,$A4,'ksl2'!$B:$B,$Q$2,'ksl2'!$AG:$AG,"Có") -> 0 | R4: =COUNTIFS('ksl2'!$AM:$AM,$A4,'ksl2'!$B:$B,$R$2,'ksl2'!$AG:$AG,"Có") -> 0 | S4: =SUM(Q4:R4) -> 0
A5: Tháng 3 | B5: =COUNTIFS('ksl2'!$AM:$AM,$A5,'ksl2'!$B:$B,$B$2) -> 78 | C5: =COUNTIFS('ksl2'!$AM:$AM,$A5,'ksl2'!$B:$B,$C$2) -> 122 | D5: =SUM(B5:C5) -> 200 | E5: =COUNTIFS('ksl2'!$AM:$AM,$A5,'ksl2'!$B:$B,$E$2,'ksl2'!$AH:$AH,"Có") -> 61 | F5: =COUNTIFS('ksl2'!$AM:$AM,$A5,'ksl2'!$B:$B,$F$2,'ksl2'!$AH:$AH,"Có") -> 76 | G5: =SUM(E5:F5) -> 137 | H5: =COUNTIFS('ksl2'!$AM:$AM,$A5,'ksl2'!$B:$B,$H$2,'ksl2'!$AI:$AI,"Có") -> 61 | I5: =COUNTIFS('ksl2'!$AM:$AM,$A5,'ksl2'!$B:$B,$I$2,'ksl2'!$AI:$AI,"Có") -> 76 | J5: =SUM(H5:I5) -> 137 | K5: =COUNTIFS('ksl2'!$AM:$AM,$A5,'ksl2'!$B:$B,$K$2,'ksl2'!$AJ:$AJ,"Có") -> 25 | L5: =COUNTIFS('ksl2'!$AM:$AM,$A5,'ksl2'!$B:$B,$L$2,'ksl2'!$AJ:$AJ,"Có") -> 37 | M5: =SUM(K5:L5) -> 62 | N5: =COUNTIFS('ksl2'!$AM:$AM,$A5,'ksl2'!$B:$B,$N$2,'ksl2'!$AF:$AF,"Có") -> 0 | O5: =COUNTIFS('ksl2'!$AM:$AM,$A5,'ksl2'!$B:$B,$O$2,'ksl2'!$AF:$AF,"Có") -> 0 | P5: =SUM(N5:O5) -> 0 | Q5: =COUNTIFS('ksl2'!$AM:$AM,$A5,'ksl2'!$B:$B,$Q$2,'ksl2'!$AG:$AG,"Có") -> 0 | R5: =COUNTIFS('ksl2'!$AM:$AM,$A5,'ksl2'!$B:$B,$R$2,'ksl2'!$AG:$AG,"Có") -> 0 | S5: =SUM(Q5:R5) -> 0
A6: Tháng 4 | B6: =COUNTIFS('ksl2'!$AM:$AM,$A6,'ksl2'!$B:$B,$B$2) -> 156 | C6: =COUNTIFS('ksl2'!$AM:$AM,$A6,'ksl2'!$B:$B,$C$2) -> 244 | D6: =SUM(B6:C6) -> 400 | E6: =COUNTIFS('ksl2'!$AM:$AM,$A6,'ksl2'!$B:$B,$E$2,'ksl2'!$AH:$AH,"Có") -> 140 | F6: =COUNTIFS('ksl2'!$AM:$AM,$A6,'ksl2'!$B:$B,$F$2,'ksl2'!$AH:$AH,"Có") -> 153 | G6: =SUM(E6:F6) -> 293 | H6: =COUNTIFS('ksl2'!$AM:$AM,$A6,'ksl2'!$B:$B,$H$2,'ksl2'!$AI:$AI,"Có") -> 140 | I6: =COUNTIFS('ksl2'!$AM:$AM,$A6,'ksl2'!$B:$B,$I$2,'ksl2'!$AI:$AI,"Có") -> 153 | J6: =SUM(H6:I6) -> 293 | K6: =COUNTIFS('ksl2'!$AM:$AM,$A6,'ksl2'!$B:$B,$K$2,'ksl2'!$AJ:$AJ,"Có") -> 44 | L6: =COUNTIFS('ksl2'!$AM:$AM,$A6,'ksl2'!$B:$B,$L$2,'ksl2'!$AJ:$AJ,"Có") -> 77 | M6: =SUM(K6:L6) -> 121 | N6: =COUNTIFS('ksl2'!$AM:$AM,$A6,'ksl2'!$B:$B,$N$2,'ksl2'!$AF:$AF,"Có") -> 0 | O6: =COUNTIFS('ksl2'!$AM:$AM,$A6,'ksl2'!$B:$B,$O$2,'ksl2'!$AF:$AF,"Có") -> 0 | P6: =SUM(N6:O6) -> 0 | Q6: =COUNTIFS('ksl2'!$AM:$AM,$A6,'ksl2'!$B:$B,$Q$2,'ksl2'!$AG:$AG,"Có") -> 0 | R6: =COUNTIFS('ksl2'!$AM:$AM,$A6,'ksl2'!$B:$B,$R$2,'ksl2'!$AG:$AG,"Có") -> 0 | S6: =SUM(Q6:R6) -> 0
A7: Tháng 5 | B7: =COUNTIFS('ksl2'!$AM:$AM,$A7,'ksl2'!$B:$B,$B$2) -> 119 | C7: =COUNTIFS('ksl2'!$AM:$AM,$A7,'ksl2'!$B:$B,$C$2) -> 191 | D7: =SUM(B7:C7) -> 310 | E7: =COUNTIFS('ksl2'!$AM:$AM,$A7,'ksl2'!$B:$B,$E$2,'ksl2'!$AH:$AH,"Có") -> 108 | F7: =COUNTIFS('ksl2'!$AM:$AM,$A7,'ksl2'!$B:$B,$F$2,'ksl2'!$AH:$AH,"Có") -> 136 | G7: =SUM(E7:F7) -> 244 | H7: =COUNTIFS('ksl2'!$AM:$AM,$A7,'ksl2'!$B:$B,$H$2,'ksl2'!$AI:$AI,"Có") -> 108 | I7: =COUNTIFS('ksl2'!$AM:$AM,$A7,'ksl2'!$B:$B,$I$2,'ksl2'!$AI:$AI,"Có") -> 136 | J7: =SUM(H7:I7) -> 244 | K7: =COUNTIFS('ksl2'!$AM:$AM,$A7,'ksl2'!$B:$B,$K$2,'ksl2'!$AJ:$AJ,"Có") -> 34 | L7: =COUNTIFS('ksl2'!$AM:$AM,$A7,'ksl2'!$B:$B,$L$2,'ksl2'!$AJ:$AJ,"Có") -> 57 | M7: =SUM(K7:L7) -> 91 | N7: =COUNTIFS('ksl2'!$AM:$AM,$A7,'ksl2'!$B:$B,$N$2,'ksl2'!$AF:$AF,"Có") -> 0 | O7: =COUNTIFS('ksl2'!$AM:$AM,$A7,'ksl2'!$B:$B,$O$2,'ksl2'!$AF:$AF,"Có") -> 0 | P7: =SUM(N7:O7) -> 0 | Q7: =COUNTIFS('ksl2'!$AM:$AM,$A7,'ksl2'!$B:$B,$Q$2,'ksl2'!$AG:$AG,"Có") -> 0 | R7: =COUNTIFS('ksl2'!$AM:$AM,$A7,'ksl2'!$B:$B,$R$2,'ksl2'!$AG:$AG,"Có") -> 0 | S7: =SUM(Q7:R7) -> 0
A8: Tháng 6 | B8: =COUNTIFS('ksl2'!$AM:$AM,$A8,'ksl2'!$B:$B,$B$2) -> 0 | C8: =COUNTIFS('ksl2'!$AM:$AM,$A8,'ksl2'!$B:$B,$C$2) -> 0 | D8: =SUM(B8:C8) -> 0 | E8: =COUNTIFS('ksl2'!$AM:$AM,$A8,'ksl2'!$B:$B,$E$2,'ksl2'!$AH:$AH,"Có") -> 0 | F8: =COUNTIFS('ksl2'!$AM:$AM,$A8,'ksl2'!$B:$B,$F$2,'ksl2'!$AH:$AH,"Có") -> 0 | G8: =SUM(E8:F8) -> 0 | H8: =COUNTIFS('ksl2'!$AM:$AM,$A8,'ksl2'!$B:$B,$H$2,'ksl2'!$AI:$AI,"Có") -> 0 | I8: =COUNTIFS('ksl2'!$AM:$AM,$A8,'ksl2'!$B:$B,$I$2,'ksl2'!$AI:$AI,"Có") -> 0 | J8: =SUM(H8:I8) -> 0 | K8: =COUNTIFS('ksl2'!$AM:$AM,$A8,'ksl2'!$B:$B,$K$2,'ksl2'!$AJ:$AJ,"Có") -> 0 | L8: =COUNTIFS('ksl2'!$AM:$AM,$A8,'ksl2'!$B:$B,$L$2,'ksl2'!$AJ:$AJ,"Có") -> 0 | M8: =SUM(K8:L8) -> 0 | N8: =COUNTIFS('ksl2'!$AM:$AM,$A8,'ksl2'!$B:$B,$N$2,'ksl2'!$AF:$AF,"Có") -> 0 | O8: =COUNTIFS('ksl2'!$AM:$AM,$A8,'ksl2'!$B:$B,$O$2,'ksl2'!$AF:$AF,"Có") -> 0 | P8: =SUM(N8:O8) -> 0 | Q8: =COUNTIFS('ksl2'!$AM:$AM,$A8,'ksl2'!$B:$B,$Q$2,'ksl2'!$AG:$AG,"Có") -> 0 | R8: =COUNTIFS('ksl2'!$AM:$AM,$A8,'ksl2'!$B:$B,$R$2,'ksl2'!$AG:$AG,"Có") -> 0 | S8: =SUM(Q8:R8) -> 0
A9: Tháng 7 | B9: =COUNTIFS('ksl2'!$AM:$AM,$A9,'ksl2'!$B:$B,$B$2) -> 0 | C9: =COUNTIFS('ksl2'!$AM:$AM,$A9,'ksl2'!$B:$B,$C$2) -> 0 | D9: =SUM(B9:C9) -> 0 | E9: =COUNTIFS('ksl2'!$AM:$AM,$A9,'ksl2'!$B:$B,$E$2,'ksl2'!$AH:$AH,"Có") -> 0 | F9: =COUNTIFS('ksl2'!$AM:$AM,$A9,'ksl2'!$B:$B,$F$2,'ksl2'!$AH:$AH,"Có") -> 0 | G9: =SUM(E9:F9) -> 0 | H9: =COUNTIFS('ksl2'!$AM:$AM,$A9,'ksl2'!$B:$B,$H$2,'ksl2'!$AI:$AI,"Có") -> 0 | I9: =COUNTIFS('ksl2'!$AM:$AM,$A9,'ksl2'!$B:$B,$I$2,'ksl2'!$AI:$AI,"Có") -> 0 | J9: =SUM(H9:I9) -> 0 | K9: =COUNTIFS('ksl2'!$AM:$AM,$A9,'ksl2'!$B:$B,$K$2,'ksl2'!$AJ:$AJ,"Có") -> 0 | L9: =COUNTIFS('ksl2'!$AM:$AM,$A9,'ksl2'!$B:$B,$L$2,'ksl2'!$AJ:$AJ,"Có") -> 0 | M9: =SUM(K9:L9) -> 0 | N9: =COUNTIFS('ksl2'!$AM:$AM,$A9,'ksl2'!$B:$B,$N$2,'ksl2'!$AF:$AF,"Có") -> 0 | O9: =COUNTIFS('ksl2'!$AM:$AM,$A9,'ksl2'!$B:$B,$O$2,'ksl2'!$AF:$AF,"Có") -> 0 | P9: =SUM(N9:O9) -> 0 | Q9: =COUNTIFS('ksl2'!$AM:$AM,$A9,'ksl2'!$B:$B,$Q$2,'ksl2'!$AG:$AG,"Có") -> 0 | R9: =COUNTIFS('ksl2'!$AM:$AM,$A9,'ksl2'!$B:$B,$R$2,'ksl2'!$AG:$AG,"Có") -> 0 | S9: =SUM(Q9:R9) -> 0
A10: Tháng 8 | B10: =COUNTIFS('ksl2'!$AM:$AM,$A10,'ksl2'!$B:$B,$B$2) -> 0 | C10: =COUNTIFS('ksl2'!$AM:$AM,$A10,'ksl2'!$B:$B,$C$2) -> 0 | D10: =SUM(B10:C10) -> 0 | E10: =COUNTIFS('ksl2'!$AM:$AM,$A10,'ksl2'!$B:$B,$E$2,'ksl2'!$AH:$AH,"Có") -> 0 | F10: =COUNTIFS('ksl2'!$AM:$AM,$A10,'ksl2'!$B:$B,$F$2,'ksl2'!$AH:$AH,"Có") -> 0 | G10: =SUM(E10:F10) -> 0 | H10: =COUNTIFS('ksl2'!$AM:$AM,$A10,'ksl2'!$B:$B,$H$2,'ksl2'!$AI:$AI,"Có") -> 0 | I10: =COUNTIFS('ksl2'!$AM:$AM,$A10,'ksl2'!$B:$B,$I$2,'ksl2'!$AI:$AI,"Có") -> 0 | J10: =SUM(H10:I10) -> 0 | K10: =COUNTIFS('ksl2'!$AM:$AM,$A10,'ksl2'!$B:$B,$K$2,'ksl2'!$AJ:$AJ,"Có") -> 0 | L10: =COUNTIFS('ksl2'!$AM:$AM,$A10,'ksl2'!$B:$B,$L$2,'ksl2'!$AJ:$AJ,"Có") -> 0 | M10: =SUM(K10:L10) -> 0 | N10: =COUNTIFS('ksl2'!$AM:$AM,$A10,'ksl2'!$B:$B,$N$2,'ksl2'!$AF:$AF,"Có") -> 0 | O10: =COUNTIFS('ksl2'!$AM:$AM,$A10,'ksl2'!$B:$B,$O$2,'ksl2'!$AF:$AF,"Có") -> 0 | P10: =SUM(N10:O10) -> 0 | Q10: =COUNTIFS('ksl2'!$AM:$AM,$A10,'ksl2'!$B:$B,$Q$2,'ksl2'!$AG:$AG,"Có") -> 0 | R10: =COUNTIFS('ksl2'!$AM:$AM,$A10,'ksl2'!$B:$B,$R$2,'ksl2'!$AG:$AG,"Có") -> 0 | S10: =SUM(Q10:R10) -> 0
A11: Tháng 9 | B11: =COUNTIFS('ksl2'!$AM:$AM,$A11,'ksl2'!$B:$B,$B$2) -> 0 | C11: =COUNTIFS('ksl2'!$AM:$AM,$A11,'ksl2'!$B:$B,$C$2) -> 0 | D11: =SUM(B11:C11) -> 0 | E11: =COUNTIFS('ksl2'!$AM:$AM,$A11,'ksl2'!$B:$B,$E$2,'ksl2'!$AH:$AH,"Có") -> 0 | F11: =COUNTIFS('ksl2'!$AM:$AM,$A11,'ksl2'!$B:$B,$F$2,'ksl2'!$AH:$AH,"Có") -> 0 | G11: =SUM(E11:F11) -> 0 | H11: =COUNTIFS('ksl2'!$AM:$AM,$A11,'ksl2'!$B:$B,$H$2,'ksl2'!$AI:$AI,"Có") -> 0 | I11: =COUNTIFS('ksl2'!$AM:$AM,$A11,'ksl2'!$B:$B,$I$2,'ksl2'!$AI:$AI,"Có") -> 0 | J11: =SUM(H11:I11) -> 0 | K11: =COUNTIFS('ksl2'!$AM:$AM,$A11,'ksl2'!$B:$B,$K$2,'ksl2'!$AJ:$AJ,"Có") -> 0 | L11: =COUNTIFS('ksl2'!$AM:$AM,$A11,'ksl2'!$B:$B,$L$2,'ksl2'!$AJ:$AJ,"Có") -> 0 | M11: =SUM(K11:L11) -> 0 | N11: =COUNTIFS('ksl2'!$AM:$AM,$A11,'ksl2'!$B:$B,$N$2,'ksl2'!$AF:$AF,"Có") -> 0 | O11: =COUNTIFS('ksl2'!$AM:$AM,$A11,'ksl2'!$B:$B,$O$2,'ksl2'!$AF:$AF,"Có") -> 0 | P11: =SUM(N11:O11) -> 0 | Q11: =COUNTIFS('ksl2'!$AM:$AM,$A11,'ksl2'!$B:$B,$Q$2,'ksl2'!$AG:$AG,"Có") -> 0 | R11: =COUNTIFS('ksl2'!$AM:$AM,$A11,'ksl2'!$B:$B,$R$2,'ksl2'!$AG:$AG,"Có") -> 0 | S11: =SUM(Q11:R11) -> 0
A12: Tháng 10 | B12: =COUNTIFS('ksl2'!$AM:$AM,$A12,'ksl2'!$B:$B,$B$2) -> 0 | C12: =COUNTIFS('ksl2'!$AM:$AM,$A12,'ksl2'!$B:$B,$C$2) -> 0 | D12: =SUM(B12:C12) -> 0 | E12: =COUNTIFS('ksl2'!$AM:$AM,$A12,'ksl2'!$B:$B,$E$2,'ksl2'!$AH:$AH,"Có") -> 0 | F12: =COUNTIFS('ksl2'!$AM:$AM,$A12,'ksl2'!$B:$B,$F$2,'ksl2'!$AH:$AH,"Có") -> 0 | G12: =SUM(E12:F12) -> 0 | H12: =COUNTIFS('ksl2'!$AM:$AM,$A12,'ksl2'!$B:$B,$H$2,'ksl2'!$AI:$AI,"Có") -> 0 | I12: =COUNTIFS('ksl2'!$AM:$AM,$A12,'ksl2'!$B:$B,$I$2,'ksl2'!$AI:$AI,"Có") -> 0 | J12: =SUM(H12:I12) -> 0 | K12: =COUNTIFS('ksl2'!$AM:$AM,$A12,'ksl2'!$B:$B,$K$2,'ksl2'!$AJ:$AJ,"Có") -> 0 | L12: =COUNTIFS('ksl2'!$AM:$AM,$A12,'ksl2'!$B:$B,$L$2,'ksl2'!$AJ:$AJ,"Có") -> 0 | M12: =SUM(K12:L12) -> 0 | N12: =COUNTIFS('ksl2'!$AM:$AM,$A12,'ksl2'!$B:$B,$N$2,'ksl2'!$AF:$AF,"Có") -> 0 | O12: =COUNTIFS('ksl2'!$AM:$AM,$A12,'ksl2'!$B:$B,$O$2,'ksl2'!$AF:$AF,"Có") -> 0 | P12: =SUM(N12:O12) -> 0 | Q12: =COUNTIFS('ksl2'!$AM:$AM,$A12,'ksl2'!$B:$B,$Q$2,'ksl2'!$AG:$AG,"Có") -> 0 | R12: =COUNTIFS('ksl2'!$AM:$AM,$A12,'ksl2'!$B:$B,$R$2,'ksl2'!$AG:$AG,"Có") -> 0 | S12: =SUM(Q12:R12) -> 0
A13: Tháng 11 | B13: =COUNTIFS('ksl2'!$AM:$AM,$A13,'ksl2'!$B:$B,$B$2) -> 0 | C13: =COUNTIFS('ksl2'!$AM:$AM,$A13,'ksl2'!$B:$B,$C$2) -> 0 | D13: =SUM(B13:C13) -> 0 | E13: =COUNTIFS('ksl2'!$AM:$AM,$A13,'ksl2'!$B:$B,$E$2,'ksl2'!$AH:$AH,"Có") -> 0 | F13: =COUNTIFS('ksl2'!$AM:$AM,$A13,'ksl2'!$B:$B,$F$2,'ksl2'!$AH:$AH,"Có") -> 0 | G13: =SUM(E13:F13) -> 0 | H13: =COUNTIFS('ksl2'!$AM:$AM,$A13,'ksl2'!$B:$B,$H$2,'ksl2'!$AI:$AI,"Có") -> 0 | I13: =COUNTIFS('ksl2'!$AM:$AM,$A13,'ksl2'!$B:$B,$I$2,'ksl2'!$AI:$AI,"Có") -> 0 | J13: =SUM(H13:I13) -> 0 | K13: =COUNTIFS('ksl2'!$AM:$AM,$A13,'ksl2'!$B:$B,$K$2,'ksl2'!$AJ:$AJ,"Có") -> 0 | L13: =COUNTIFS('ksl2'!$AM:$AM,$A13,'ksl2'!$B:$B,$L$2,'ksl2'!$AJ:$AJ,"Có") -> 0 | M13: =SUM(K13:L13) -> 0 | N13: =COUNTIFS('ksl2'!$AM:$AM,$A13,'ksl2'!$B:$B,$N$2,'ksl2'!$AF:$AF,"Có") -> 0 | O13: =COUNTIFS('ksl2'!$AM:$AM,$A13,'ksl2'!$B:$B,$O$2,'ksl2'!$AF:$AF,"Có") -> 0 | P13: =SUM(N13:O13) -> 0 | Q13: =COUNTIFS('ksl2'!$AM:$AM,$A13,'ksl2'!$B:$B,$Q$2,'ksl2'!$AG:$AG,"Có") -> 0 | R13: =COUNTIFS('ksl2'!$AM:$AM,$A13,'ksl2'!$B:$B,$R$2,'ksl2'!$AG:$AG,"Có") -> 0 | S13: =SUM(Q13:R13) -> 0
A14: Tháng 12 | B14: =COUNTIFS('ksl2'!$AM:$AM,$A14,'ksl2'!$B:$B,$B$2) -> 0 | C14: =COUNTIFS('ksl2'!$AM:$AM,$A14,'ksl2'!$B:$B,$C$2) -> 0 | D14: =SUM(B14:C14) -> 0 | E14: =COUNTIFS('ksl2'!$AM:$AM,$A14,'ksl2'!$B:$B,$E$2,'ksl2'!$AH:$AH,"Có") -> 0 | F14: =COUNTIFS('ksl2'!$AM:$AM,$A14,'ksl2'!$B:$B,$F$2,'ksl2'!$AH:$AH,"Có") -> 0 | G14: =SUM(E14:F14) -> 0 | H14: =COUNTIFS('ksl2'!$AM:$AM,$A14,'ksl2'!$B:$B,$H$2,'ksl2'!$AI:$AI,"Có") -> 0 | I14: =COUNTIFS('ksl2'!$AM:$AM,$A14,'ksl2'!$B:$B,$I$2,'ksl2'!$AI:$AI,"Có") -> 0 | J14: =SUM(H14:I14) -> 0 | K14: =COUNTIFS('ksl2'!$AM:$AM,$A14,'ksl2'!$B:$B,$K$2,'ksl2'!$AJ:$AJ,"Có") -> 0 | L14: =COUNTIFS('ksl2'!$AM:$AM,$A14,'ksl2'!$B:$B,$L$2,'ksl2'!$AJ:$AJ,"Có") -> 0 | M14: =SUM(K14:L14) -> 0 | N14: =COUNTIFS('ksl2'!$AM:$AM,$A14,'ksl2'!$B:$B,$N$2,'ksl2'!$AF:$AF,"Có") -> 0 | O14: =COUNTIFS('ksl2'!$AM:$AM,$A14,'ksl2'!$B:$B,$O$2,'ksl2'!$AF:$AF,"Có") -> 0 | P14: =SUM(N14:O14) -> 0 | Q14: =COUNTIFS('ksl2'!$AM:$AM,$A14,'ksl2'!$B:$B,$Q$2,'ksl2'!$AG:$AG,"Có") -> 0 | R14: =COUNTIFS('ksl2'!$AM:$AM,$A14,'ksl2'!$B:$B,$R$2,'ksl2'!$AG:$AG,"Có") -> 0 | S14: =SUM(Q14:R14) -> 0
A15: Tổng cộng | B15: =SUM(B3:B14) -> 503 | C15: =SUM(C3:C14) -> 757 | D15: =SUM(D3:D14) -> 1260 | E15: =SUM(E3:E14) -> 438 | F15: =SUM(F3:F14) -> 495 | G15: =SUM(G3:G14) -> 933 | H15: =SUM(H3:H14) -> 438 | I15: =SUM(I3:I14) -> 495 | ... S15: =SUM(S3:S14) -> 0
B16: Giới tính | E16: Số người cần xét nghiệm đường máu mao mạch | H16: Số nghi ngờ ĐTĐ thông qua tầm soát | K16: Số nghi ngờ THA thông qua tầm soát | N16: Nguy cơ mắc Hen | Q16: Nguy cơ mắc COPD

Sheet ksl2
A1: Họ tên (*) | B1: Giới tính (*) | C1: Năm sinh (*) | D1: Tuổi (Tự động) | E1: Gia đình mắc ĐTD | F1: Chiều cao | G1: Cân nặng | H1: BMI (Tự động) | I1: Vòng eo | J1: HA tâm thu (*) | K1: HA tâm trương (*) | L1: Điểm Giới tính (Tự động) | M1: Điểm Tuổi (Tự động) | N1: Điểm Gia đình (Tự động) | O1: Điểm BMI (Tự động) | P1: Điểm Vòng eo (Tự động) | Q1: Điểm Huyết áp (Tự động) | R1: Tổng điểm (Tự động) | S1: Câu hỏi tầm soát Hen (GINA) | AA1: Câu hỏi tầm soát bệnh Phổi tắc nghẽn mãn tính (GOLD) | AF1: Nguy cơ mắc HEN (Tự động) | AG1: Nguy cơ mắc COPD (Tự động) | AH1: Cần xét nghiệm đường máu mao mạch (Tự động) | AI1: Nguy cơ Đái tháo đường (Tự động) | AJ1: Nghi ngờ Tăng huyết áp (Tự động) | AK1: Địa chỉ | AL1: Ngày khám (*) | AM1: Tháng (Tự động) | AN1: Khóm (Tự động)
S2: 1 | T2: 2 | U2: 3 | V2: 4 | W2: 5 | X2: 6 | Y2: 7 | Z2: 8 | AA2: 1 | AB2: 2 | AC2: 3 | AD2: 4 | AE2: 5
A3: Column1 | B3: Column2 | C3: Column3 | D3: Column4 | E3: Column5 | F3: Column6 | G3: Column7 | H3: Column8 | I3: Column9 | J3: Column10 | K3: Column11 | L3: Column12 | M3: Column13 | N3: Column14 | O3: Column15 | P3: Column16 | Q3: Column17 | R3: Column18 | S3: Column19 | T3: Column20 | U3: Column21 | V3: Column22 | W3: Column23 | X3: Column24 | Y3: Column25 | Z3: Column26 | AA3: Column27 | AB3: Column28 | AC3: Column29 | AD3: Column30 | AE3: Column31 | AF3: Column32 | AG3: Column33 | AH3: Column34 | AI3: Column35 | AJ3: Column36 | AK3: Column37 | AL3: Column38 | AM3: Column39 | AN3: Column40
A4: TRẦN THỊ CHIẾN | B4: Nữ | C4: 01/01/1960 | D4: =DATEDIF(C4,TODAY(),"Y") -> 66 | E4: Không | F4: 160 | G4: 55 | H4: =G4/((F4/100)*(F4/100)) -> 21.484375 | I4: 68 | J4: 120 | K4: 70 | L4: =IF(B4="Nữ",0,2) -> 0 | M4: =IF(D4<45,0,IF(D4<=49,1,2)) -> 2 | N4: =IF(E4="Có",4,0) -> 0 | O4: =IF(H4<23,0,IF(H4<27.5,3,5)) -> 0 | P4: =IF(OR(AND(B4="Nam",I4>=90),AND(B4="Nữ",I4>=80)),2,0) -> 0 | Q4: =IF(OR(J4>=140,K4>=90),2,0) -> 0 | R4: =SUM(L4:Q4) -> 2 | AD4: x | AF4: =IF(COUNTIF(S4:Z4,"X")>=2,"Có","Không") -> Không | AG4: =IF(COUNTIF(AA4:AE4,"X")>=3,"Có","Không") -> Không | AH4: =IF((R4)>=6,"Có","Không") -> Không | AI4: =IF((R4)>=6,"Có","Không") -> Không | AJ4: =IF(OR(J4>=140,K4>=90),"Có","Không") -> Không | AK4: Phường Hiệp Thành, tỉnh Cà Mau | AL4: 46053 | AM4: ="Tháng "&MONTH(AL4) -> Tháng 1 | AN4: =LEFT(AK4,FIND(",",AK4)-1) -> Phường Hiệp Thành
A5: NGUYỄN THỊ ĐÀO | B5: Nữ | C5: 01/01/1969 | D5: =DATEDIF(C5,TODAY(),"Y") -> 57 | E5: Không | F5: 155 | G5: 66 | H5: =G5/((F5/100)*(F5/100)) -> 27.471384 | I5: 86 | J5: 120 | K5: 70 | L5: =IF(B5="Nữ",0,2) -> 0 | M5: =IF(D5<45,0,IF(D5<=49,1,2)) -> 2 | N5: =IF(E5="Có",4,0) -> 0 | O5: =IF(H5<23,0,IF(H5<27.5,3,5)) -> 3 | P5: =IF(OR(AND(B5="Nam",I5>=90),AND(B5="Nữ",I5>=80)),2,0) -> 2 | Q5: =IF(OR(J5>=140,K5>=90),2,0) -> 0 | R5: =SUM(L5:Q5) -> 7 | AD5: x | AF5: =IF(COUNTIF(S5:Z5,"X")>=2,"Có","Không") -> Không | AG5: =IF(COUNTIF(AA5:AE5,"X")>=3,"Có","Không") -> Không | AH5: =IF((R5)>=6,"Có","Không") -> Có | AI5: =IF((R5)>=6,"Có","Không") -> Có | AJ5: =IF(OR(J5>=140,K5>=90),"Có","Không") -> Không | AK5: Phường Hiệp Thành, tỉnh Cà Mau | AL5: 46053 | AM5: ="Tháng "&MONTH(AL5) -> Tháng 1 | AN5: =LEFT(AK5,FIND(",",AK5)-1) -> Phường Hiệp Thành
A6: THẠCH SI RA | B6: Nam | C6: 01/01/1974 | D6: =DATEDIF(C6,TODAY(),"Y") -> 52 | E6: Không | F6: 158 | G6: 58 | H6: =G6/((F6/100)*(F6/100)) -> 23.233456 | I6: 97 | J6: 140 | K6: 80 | L6: =IF(B6="Nữ",0,2) -> 2 | M6: =IF(D6<45,0,IF(D6<=49,1,2)) -> 2 | N6: =IF(E6="Có",4,0) -> 0 | O6: =IF(H6<23,0,IF(H6<27.5,3,5)) -> 3 | P6: =IF(OR(AND(B6="Nam",I6>=90),AND(B6="Nữ",I6>=80)),2,0) -> 2 | Q6: =IF(OR(J6>=140,K6>=90),2,0) -> 2 | R6: =SUM(L6:Q6) -> 11 | AD6: x | AF6: =IF(COUNTIF(S6:Z6,"X")>=2,"Có","Không") -> Không | AG6: =IF(COUNTIF(AA6:AE6,"X")>=3,"Có","Không") -> Không | AH6: =IF((R6)>=6,"Có","Không") -> Có | AI6: =IF((R6)>=6,"Có","Không") -> Có | AJ6: =IF(OR(J6>=140,K6>=90),"Có","Không") -> Có | AK6: ấp Biển Đông B, Phường Hiệp Thành, Tỉnh Cà Mau | AL6: 46053 | AM6: ="Tháng "&MONTH(AL6) -> Tháng 1 | AN6: =LEFT(AK6,FIND(",",AK6)-1) -> ấp Biển Đông B
A7: THẠCH THỊ PHOL | B7: Nữ | C7: 01/01/1960 | D7: =DATEDIF(C7,TODAY(),"Y") -> 66 | E7: Không | F7: 158 | G7: 58 | H7: =G7/((F7/100)*(F7/100)) -> 23.233456 | I7: 65 | J7: 130 | K7: 80 | L7: =IF(B7="Nữ",0,2) -> 0 | M7: =IF(D7<45,0,IF(D7<=49,1,2)) -> 2 | N7: =IF(E7="Có",4,0) -> 0 | O7: =IF(H7<23,0,IF(H7<27.5,3,5)) -> 3 | P7: =IF(OR(AND(B7="Nam",I7>=90),AND(B7="Nữ",I7>=80)),2,0) -> 0 | Q7: =IF(OR(J7>=140,K7>=90),2,0) -> 0 | R7: =SUM(L7:Q7) -> 5 | AD7: x | AF7: =IF(COUNTIF(S7:Z7,"X")>=2,"Có","Không") -> Không | AG7: =IF(COUNTIF(AA7:AE7,"X")>=3,"Có","Không") -> Không | AH7: =IF((R7)>=6,"Có","Không") -> Không | AI7: =IF((R7)>=6,"Có","Không") -> Không | AJ7: =IF(OR(J7>=140,K7>=90),"Có","Không") -> Không | AK7: ấp Biển Tây A, Xã Vĩnh Trạch Đông, Thành phố Bạc Liêu, Tỉnh Bạc Liêu | AL7: 46053 | AM7: ="Tháng "&MONTH(AL7) -> Tháng 1 | AN7: =LEFT(AK7,FIND(",",AK7)-1) -> ấp Biển Tây A
A8: MAI THANH MẬU | B8: Nam | C8: 01/01/1967 | D8: =DATEDIF(C8,TODAY(),"Y") -> 59 | E8: Không | F8: 169 | G8: 69 | H8: =G8/((F8/100)*(F8/100)) -> 24.158818 | I8: 84 | J8: 130 | K8: 80 | L8: =IF(B8="Nữ",0,2) -> 2 | M8: =IF(D8<45,0,IF(D8<=49,1,2)) -> 2 | N8: =IF(E8="Có",4,0) -> 0 | O8: =IF(H8<23,0,IF(H8<27.5,3,5)) -> 3 | P8: =IF(OR(AND(B8="Nam",I8>=90),AND(B8="Nữ",I8>=80)),2,0) -> 0 | Q8: =IF(OR(J8>=140,K8>=90),2,0) -> 0 | R8: =SUM(L8:Q8) -> 7 | AD8: x | AF8: =IF(COUNTIF(S8:Z8,"X")>=2,"Có","Không") -> Không | AG8: =IF(COUNTIF(AA8:AE8,"X")>=3,"Có","Không") -> Không | AH8: =IF((R8)>=6,"Có","Không") -> Có | AI8: =IF((R8)>=6,"Có","Không") -> Có | AJ8: =IF(OR(J8>=140,K8>=90),"Có","Không") -> Không | AK8: ấp Biển Đông B, Xã Vĩnh Trạch Đông, Thành phố Bạc Liêu, Tỉnh Bạc Liêu | AL8: 46053 | AM8: ="Tháng "&MONTH(AL8) -> Tháng 1 | AN8: =LEFT(AK8,FIND(",",AK8)-1) -> ấp Biển Đông B
A9: NGUYỄN VĂN NHỜ | B9: Nam | C9: 01/01/1954 | D9: =DATEDIF(C9,TODAY(),"Y") -> 72 | E9: Không | F9: 169 | G9: 69 | H9: =G9/((F9/100)*(F9/100)) -> 24.158818 | I9: 90 | J9: 130 | K9: 80 | L9: =IF(B9="Nữ",0,2) -> 2 | M9: =IF(D9<45,0,IF(D9<=49,1,2)) -> 2 | N9: =IF(E9="Có",4,0) -> 0 | O9: =IF(H9<23,0,IF(H9<27.5,3,5)) -> 3 | P9: =IF(OR(AND(B9="Nam",I9>=90),AND(B9="Nữ",I9>=80)),2,0) -> 2 | Q9: =IF(OR(J9>=140,K9>=90),2,0) -> 0 | R9: =SUM(L9:Q9) -> 9 | AD9: x | AF9: =IF(COUNTIF(S9:Z9,"X")>=2,"Có","Không") -> Không | AG9: =IF(COUNTIF(AA9:AE9,"X")>=3,"Có","Không") -> Không | AH9: =IF((R9)>=6,"Có","Không") -> Có | AI9: =IF((R9)>=6,"Có","Không") -> Có | AJ9: =IF(OR(J9>=140,K9>=90),"Có","Không") -> Không | AK9: Ấp Giồng Nhãn, Xã Hiệp Thành, Thành phố Bạc Liêu, Tỉnh Bạc Liêu | AL9: 46053 | AM9: ="Tháng "&MONTH(AL9) -> Tháng 1 | AN9: =LEFT(AK9,FIND(",",AK9)-1) -> Ấp Giồng Nhãn
A10: NGUYỄN THỊ BÔNG | B10: Nữ | C10: 01/01/1945 | D10: =DATEDIF(C10,TODAY(),"Y") -> 81 | E10: Không | F10: 160 | G10: 78 | H10: =G10/((F10/100)*(F10/100)) -> 30.46875 | I10: 74 | J10: 180 | K10: 90 | L10: =IF(B10="Nữ",0,2) -> 0 | M10: =IF(D10<45,0,IF(D10<=49,1,2)) -> 2 | N10: =IF(E10="Có",4,0) -> 0 | O10: =IF(H10<23,0,IF(H10<27.5,3,5)) -> 5 | P10: =IF(OR(AND(B10="Nam",I10>=90),AND(B10="Nữ",I10>=80)),2,0) -> 0 | Q10: =IF(OR(J10>=140,K10>=90),2,0) -> 2 | R10: =SUM(L10:Q10) -> 9 | AD10: x | AF10: =IF(COUNTIF(S10:Z10,"X")>=2,"Có","Không") -> Không | AG10: =IF(COUNTIF(AA10:AE10,"X")>=3,"Có","Không") -> Không | AH10: =IF((R10)>=6,"Có","Không") -> Có | AI10: =IF((R10)>=6,"Có","Không") -> Có | AJ10: =IF(OR(J10>=140,K10>=90),"Có","Không") -> Có | AK10: Phường Hiệp Thành, Tỉnh Cà Mau | AL10: 46053 | AM10: ="Tháng "&MONTH(AL10) -> Tháng 1 | AN10: =LEFT(AK10,FIND(",",AK10)-1) -> Phường Hiệp Thành
A11: THẠCH TY | B11: Nam | C11: 01/01/1948 | D11: =DATEDIF(C11,TODAY(),"Y") -> 78 | E11: Không | F11: 169 | G11: 69 | H11: =G11/((F11/100)*(F11/100)) -> 24.158818 | I11: 96 | J11: 140 | K11: 80 | L11: =IF(B11="Nữ",0,2) -> 2 | M11: =IF(D11<45,0,IF(D11<=49,1,2)) -> 2 | N11: =IF(E11="Có",4,0) -> 0 | O11: =IF(H11<23,0,IF(H11<27.5,3,5)) -> 3 | P11: =IF(OR(AND(B11="Nam",I11>=90),AND(B11="Nữ",I11>=80)),2,0) -> 2 | Q11: =IF(OR(J11>=140,K11>=90),2,0) -> 2 | R11: =SUM(L11:Q11) -> 11 | AD11: x | AF11: =IF(COUNTIF(S11:Z11,"X")>=2,"Có","Không") -> Không | AG11: =IF(COUNTIF(AA11:AE11,"X")>=3,"Có","Không") -> Không | AH11: =IF((R11)>=6,"Có","Không") -> Có | AI11: =IF((R11)>=6,"Có","Không") -> Có | AJ11: =IF(OR(J11>=140,K11>=90),"Có","Không") -> Có | AK11: Phường Hiệp Thành, Tỉnh Cà Mau | AL11: 46053 | AM11: ="Tháng "&MONTH(AL11) -> Tháng 1 | AN11: =LEFT(AK11,FIND(",",AK11)-1) -> Phường Hiệp Thành
A12: TRƯƠNG HAI | B12: Nam | C12: 01/01/1952 | D12: =DATEDIF(C12,TODAY(),"Y") -> 74 | E12: Không | F12: 168 | G12: 68 | H12: =G12/((F12/100)*(F12/100)) -> 24.092971 | I12: 96 | J12: 140 | K12: 80 | L12: =IF(B12="Nữ",0,2) -> 2 | M12: =IF(D12<45,0,IF(D12<=49,1,2)) -> 2 | N12: =IF(E12="Có",4,0) -> 0 | O12: =IF(H12<23,0,IF(H12<27.5,3,5)) -> 3 | P12: =IF(OR(AND(B12="Nam",I12>=90),AND(B12="Nữ",I12>=80)),2,0) -> 2 | Q12: =IF(OR(J12>=140,K12>=90),2,0) -> 2 | R12: =SUM(L12:Q12) -> 11 | AD12: x | AF12: =IF(COUNTIF(S12:Z12,"X")>=2,"Có","Không") -> Không | AG12: =IF(COUNTIF(AA12:AE12,"X")>=3,"Có","Không") -> Không | AH12: =IF((R12)>=6,"Có","Không") -> Có | AI12: =IF((R12)>=6,"Có","Không") -> Có | AJ12: =IF(OR(J12>=140,K12>=90),"Có","Không") -> Có | AK12: Ấp Biển Đông B, Phường Hiệp Thành, Tỉnh Cà Mau | AL12: 46053 | AM12: ="Tháng "&MONTH(AL12) -> Tháng 1 | AN12: =LEFT(AK12,FIND(",",AK12)-1) -> Ấp Biển Đông B
A13: CHIÊM LIN ĐA | B13: Nữ | C13: 01/01/1984 | D13: =DATEDIF(C13,TODAY(),"Y") -> 42 | E13: Có | F13: 158 | G13: 58 | H13: =G13/((F13/100)*(F13/100)) -> 23.233456 | I13: 69 | J13: 120 | K13: 80 | L13: =IF(B13="Nữ",0,2) -> 0 | M13: =IF(D13<45,0,IF(D13<=49,1,2)) -> 0 | N13: =IF(E13="Có",4,0) -> 4 | O13: =IF(H13<23,0,IF(H13<27.5,3,5)) -> 3 | P13: =IF(OR(AND(B13="Nam",I13>=90),AND(B13="Nữ",I13>=80)),2,0) -> 0 | Q13: =IF(OR(J13>=140,K13>=90),2,0) -> 0 | R13: =SUM(L13:Q13) -> 7 | AD13: x | AF13: =IF(COUNTIF(S13:Z13,"X")>=2,"Có","Không") -> Không | AG13: =IF(COUNTIF(AA13:AE13,"X")>=3,"Có","Không") -> Không | AH13: =IF((R13)>=6,"Có","Không") -> Có | AI13: =IF((R13)>=6,"Có","Không") -> Có | AJ13: =IF(OR(J13>=140,K13>=90),"Có","Không") -> Không | AK13: Biển Đông B, Phường Hiệp Thành, Tỉnh Cà Mau | AL13: 46053 | AM13: ="Tháng "&MONTH(AL13) -> Tháng 1 | AN13: =LEFT(AK13,FIND(",",AK13)-1) -> Biển Đông B
A14: KHƯU THỊ HẾN | B14: Nữ | C14: 01/01/1961 | D14: =DATEDIF(C14,TODAY(),"Y") -> 65 | E14: Không | F14: 158 | G14: 55 | H14: =G14/((F14/100)*(F14/100)) -> 22.031726 | I14: 88 | J14: 120 | K14: 70 | L14: =IF(B14="Nữ",0,2) -> 0 | M14: =IF(D14<45,0,IF(D14<=49,1,2)) -> 2 | N14: =IF(E14="Có",4,0) -> 0 | O14: =IF(H14<23,0,IF(H14<27.5,3,5)) -> 0 | P14: =IF(OR(AND(B14="Nam",I14>=90),AND(B14="Nữ",I14>=80)),2,0) -> 2 | Q14: =IF(OR(J14>=140,K14>=90),2,0) -> 0 | R14: =SUM(L14:Q14) -> 4 | AD14: x | AF14: =IF(COUNTIF(S14:Z14,"X")>=2,"Có","Không") -> Không | AG14: =IF(COUNTIF(AA14:AE14,"X")>=3,"Có","Không") -> Không | AH14: =IF((R14)>=6,"Có","Không") -> Không | AI14: =IF((R14)>=6,"Có","Không") -> Không | AJ14: =IF(OR(J14>=140,K14>=90),"Có","Không") -> Không | AK14: Phường Hiệp Thành, tỉnh Cà Mau | AL14: 46053 | AM14: ="Tháng "&MONTH(AL14) -> Tháng 1 | AN14: =LEFT(AK14,FIND(",",AK14)-1) -> Phường Hiệp Thành
A15: NGUYỄN THỊ XUYẾN | B15: Nữ | C15: 01/01/1954 | D15: =DATEDIF(C15,TODAY(),"Y") -> 72 | E15: Không | F15: 158 | G15: 58 | H15: =G15/((F15/100)*(F15/100)) -> 23.233456 | I15: 82 | J15: 140 | K15: 80 | L15: =IF(B15="Nữ",0,2) -> 0 | M15: =IF(D15<45,0,IF(D15<=49,1,2)) -> 2 | N15: =IF(E15="Có",4,0) -> 0 | O15: =IF(H15<23,0,IF(H15<27.5,3,5)) -> 3 | P15: =IF(OR(AND(B15="Nam",I15>=90),AND(B15="Nữ",I15>=80)),2,0) -> 2 | Q15: =IF(OR(J15>=140,K15>=90),2,0) -> 2 | R15: =SUM(L15:Q15) -> 9 | AD15: x | AF15: =IF(COUNTIF(S15:Z15,"X")>=2,"Có","Không") -> Không | AG15: =IF(COUNTIF(AA15:AE15,"X")>=3,"Có","Không") -> Không | AH15: =IF((R15)>=6,"Có","Không") -> Có | AI15: =IF((R15)>=6,"Có","Không") -> Có | AJ15: =IF(OR(J15>=140,K15>=90),"Có","Không") -> Có | AK15: Ấp Biển Tây A, Phường Bạc Liêu, Thành phố Bạc Liêu, Tỉnh Cà Mau | AL15: 46053 | AM15: ="Tháng "&MONTH(AL15) -> Tháng 1 | AN15: =LEFT(AK15,FIND(",",AK15)-1) -> Ấp Biển Tây A
... A81: NGUYỄN THANH HẢO | B81: Nam | C81: 01/01/1963 | D81: =DATEDIF(C81,TODAY(),"Y") -> 63 | E81: Không | F81: 169 | G81: 69 | H81: =G81/((F81/100)*(F81/100)) -> 24.158818 | I81: 89 | J81: 140 | K81: 80 | L81: =IF(B81="Nữ",0,2) -> 2 | M81: =IF(D81<45,0,IF(D81<=49,1,2)) -> 2 | N81: =IF(E81="Có",4,0) -> 0 | O81: =IF(H81<23,0,IF(H81<27.5,3,5)) -> 3 | P81: =IF(OR(AND(B81="Nam",I81>=90),AND(B81="Nữ",I81>=80)),2,0) -> 0 | Q81: =IF(OR(J81>=140,K81>=90),2,0) -> 2 | R81: =SUM(L81:Q81) -> 9 | AD81: x | AF81: =IF(COUNTIF(S81:Z81,"X")>=2,"Có","Không") -> Không | AG81: =IF(COUNTIF(AA81:AE81,"X")>=3,"Có","Không") -> Không | AH81: =IF((R81)>=6,"Có","Không") -> Có | AI81: =IF((R81)>=6,"Có","Không") -> Có | AJ81: =IF(OR(J81>=140,K81>=90),"Có","Không") -> Có | AK81: Ấp Biển Tây A, Phường Hiệp Thành, Tỉnh Cà Mau | AL81: 46053 | AM81: ="Tháng "&MONTH(AL81) -> Tháng 1 | AN81: =LEFT(AK81,FIND(",",AK81)-1) -> Ấp Biển Tây A
A82: KHƯU VĂN HÙNG | B82: Nam | C82: 24838 | D82: =DATEDIF(C82,TODAY(),"Y") -> 58 | E82: Có | F82: 163 | G82: 54 | H82: =G82/((F82/100)*(F82/100)) -> 20.324438 | I82: 100 | J82: 150 | K82: 80 | L82: =IF(B82="Nữ",0,2) -> 2 | M82: =IF(D82<45,0,IF(D82<=49,1,2)) -> 2 | N82: =IF(E82="Có",4,0) -> 4 | O82: =IF(H82<23,0,IF(H82<27.5,3,5)) -> 0 | P82: =IF(OR(AND(B82="Nam",I82>=90),AND(B82="Nữ",I82>=80)),2,0) -> 2 | Q82: =IF(OR(J82>=140,K82>=90),2,0) -> 2 | R82: =SUM(L82:Q82) -> 12 | AD82: x | AF82: =IF(COUNTIF(S82:Z82,"X")>=2,"Có","Không") -> Không | AG82: =IF(COUNTIF(AA82:AE82,"X")>=3,"Có","Không") -> Không | AH82: =IF((R82)>=6,"Có","Không") -> Có | AI82: =IF((R82)>=6,"Có","Không") -> Có | AJ82: =IF(OR(J82>=140,K82>=90),"Có","Không") -> Có | AK82: Phường Hiệp Thành, Tỉnh Cà Mau | AL82: 46053 | AM82: ="Tháng "&MONTH(AL82) -> Tháng 1 | AN82: Phường Hiệp Thành
A83: TRẦN THỊ MỸ | B83: Nữ | C83: 21551 | D83: =DATEDIF(C83,TODAY(),"Y") -> 67 | E83: Không | F83: 150 | G83: 60 | H83: =G83/((F83/100)*(F83/100)) -> 26.666667 | I83: 97 | J83: 120 | K83: 80 | L83: =IF(B83="Nữ",0,2) -> 0 | M83: =IF(D83<45,0,IF(D83<=49,1,2)) -> 2 | N83: =IF(E83="Có",4,0) -> 0 | O83: =IF(H83<23,0,IF(H83<27.5,3,5)) -> 3 | P83: =IF(OR(AND(B83="Nam",I83>=90),AND(B83="Nữ",I83>=80)),2,0) -> 2 | Q83: =IF(OR(J83>=140,K83>=90),2,0) -> 0 | R83: =SUM(L83:Q83) -> 7 | AD83: x | AF83: =IF(COUNTIF(S83:Z83,"X")>=2,"Có","Không") -> Không | AG83: =IF(COUNTIF(AA83:AE83,"X")>=3,"Có","Không") -> Không | AH83: =IF((R83)>=6,"Có","Không") -> Có | AI83: =IF((R83)>=6,"Có","Không") -> Có | AJ83: =IF(OR(J83>=140,K83>=90),"Có","Không") -> Không | AK83: Phường Hiệp Thành, Tỉnh Cà Mau | AL83: 46053 | AM83: ="Tháng "&MONTH(AL83) -> Tháng 1 | AN83: Phường Hiệp Thành
A84: TÁC VĂN HIẾN | B84: Nam | C84: 24473 | D84: =DATEDIF(C84,TODAY(),"Y") -> 59 | E84: Không | F84: 163 | G84: 54 | H84: =G84/((F84/100)*(F84/100)) -> 20.324438 | I84: 82 | J84: 130 | K84: 80 | L84: =IF(B84="Nữ",0,2) -> 2 | M84: =IF(D84<45,0,IF(D84<=49,1,2)) -> 2 | N84: =IF(E84="Có",4,0) -> 0 | O84: =IF(H84<23,0,IF(H84<27.5,3,5)) -> 0 | P84: =IF(OR(AND(B84="Nam",I84>=90),AND(B84="Nữ",I84>=80)),2,0) -> 0 | Q84: =IF(OR(J84>=140,K84>=90),2,0) -> 0 | R84: =SUM(L84:Q84) -> 4 | AD84: x | AF84: =IF(COUNTIF(S84:Z84,"X")>=2,"Có","Không") -> Không | AG84: =IF(COUNTIF(AA84:AE84,"X")>=3,"Có","Không") -> Không | AH84: =IF((R84)>=6,"Có","Không") -> Không | AI84: =IF((R84)>=6,"Có","Không") -> Không | AJ84: =IF(OR(J84>=140,K84>=90),"Có","Không") -> Không | AK84: Phường Hiệp Thành, Tỉnh Cà Mau | AL84: 46053 | AM84: ="Tháng "&MONTH(AL84) -> Tháng 1 | AN84: Phường Hiệp Thành
A85: HUỲNH THỊ NGỌC | B85: Nữ | C85: 24473 | D85: =DATEDIF(C85,TODAY(),"Y") -> 59 | E85: Không | F85: 169 | G85: 68 | H85: =G85/((F85/100)*(F85/100)) -> 23.80869 | I85: 76 | J85: 120 | K85: 80 | L85: =IF(B85="Nữ",0,2) -> 0 | M85: =IF(D85<45,0,IF(D85<=49,1,2)) -> 2 | N85: =IF(E85="Có",4,0) -> 0 | O85: =IF(H85<23,0,IF(H85<27.5,3,5)) -> 3 | P85: =IF(OR(AND(B85="Nam",I85>=90),AND(B85="Nữ",I85>=80)),2,0) -> 0 | Q85: =IF(OR(J85>=140,K85>=90),2,0) -> 0 | R85: =SUM(L85:Q85) -> 5 | AD85: x | AF85: =IF(COUNTIF(S85:Z85,"X")>=2,"Có","Không") -> Không | AG85: =IF(COUNTIF(AA85:AE85,"X")>=3,"Có","Không") -> Không | AH85: =IF((R85)>=6,"Có","Không") -> Không | AI85: =IF((R85)>=6,"Có","Không") -> Không | AJ85: =IF(OR(J85>=140,K85>=90),"Có","Không") -> Không | AK85: Phường Hiệp Thành, Tỉnh Cà Mau | AL85: 46053 | AM85: ="Tháng "&MONTH(AL85) -> Tháng 1 | AN85: Phường Hiệp Thành
A86: LÂM ÁI KHUÔI | B86: Nữ | C86: 27760 | D86: =DATEDIF(C86,TODAY(),"Y") -> 50 | E86: Không | F86: 158 | G86: 58 | H86: =G86/((F86/100)*(F86/100)) -> 23.233456 | I86: 89 | J86: 130 | K86: 80 | L86: =IF(B86="Nữ",0,2) -> 0 | M86: =IF(D86<45,0,IF(D86<=49,1,2)) -> 2 | N86: =IF(E86="Có",4,0) -> 0 | O86: =IF(H86<23,0,IF(H86<27.5,3,5)) -> 3 | P86: =IF(OR(AND(B86="Nam",I86>=90),AND(B86="Nữ",I86>=80)),2,0) -> 2 | Q86: =IF(OR(J86>=140,K86>=90),2,0) -> 0 | R86: =SUM(L86:Q86) -> 7 | AD86: x | AF86: =IF(COUNTIF(S86:Z86,"X")>=2,"Có","Không") -> Không | AG86: =IF(COUNTIF(AA86:AE86,"X")>=3,"Có","Không") -> Không | AH86: =IF((R86)>=6,"Có","Không") -> Có | AI86: =IF((R86)>=6,"Có","Không") -> Có | AJ86: =IF(OR(J86>=140,K86>=90),"Có","Không") -> Không | AK86: Phường Hiệp Thành, Tỉnh Cà Mau | AL86: 46053 | AM86: ="Tháng "&MONTH(AL86) -> Tháng 1 | AN86: Phường Hiệp Thành
A87: LÂM THỊ HIÊM | B87: Nam | C87: 23743 | D87: =DATEDIF(C87,TODAY(),"Y") -> 61 | E87: Không | F87: 160 | G87: 70 | H87: =G87/((F87/100)*(F87/100)) -> 27.34375 | I87: 81 | J87: 140 | K87: 80 | L87: =IF(B87="Nữ",0,2) -> 2 | M87: =IF(D87<45,0,IF(D87<=49,1,2)) -> 2 | N87: =IF(E87="Có",4,0) -> 0 | O87: =IF(H87<23,0,IF(H87<27.5,3,5)) -> 3 | P87: =IF(OR(AND(B87="Nam",I87>=90),AND(B87="Nữ",I87>=80)),2,0) -> 0 | Q87: =IF(OR(J87>=140,K87>=90),2,0) -> 2 | R87: =SUM(L87:Q87) -> 9 | AD87: x | AF87: =IF(COUNTIF(S87:Z87,"X")>=2,"Có","Không") -> Không | AG87: =IF(COUNTIF(AA87:AE87,"X")>=3,"Có","Không") -> Không | AH87: =IF((R87)>=6,"Có","Không") -> Có | AI87: =IF((R87)>=6,"Có","Không") -> Có | AJ87: =IF(OR(J87>=140,K87>=90),"Có","Không") -> Có | AK87: Phường Hiệp Thành, Tỉnh Cà Mau | AL87: 46053 | AM87: ="Tháng "&MONTH(AL87) -> Tháng 1 | AN87: Phường Hiệp Thành
A88: SƠN CHUM | B88: Nam | C88: 20090 | D88: =DATEDIF(C88,TODAY(),"Y") -> 71 | E88: Không | F88: 158 | G88: 58 | H88: =G88/((F88/100)*(F88/100)) -> 23.233456 | I88: 71 | J88: 120 | K88: 80 | L88: =IF(B88="Nữ",0,2) -> 2 | M88: =IF(D88<45,0,IF(D88<=49,1,2)) -> 2 | N88: =IF(E88="Có",4,0) -> 0 | O88: =IF(H88<23,0,IF(H88<27.5,3,5)) -> 3 | P88: =IF(OR(AND(B88="Nam",I88>=90),AND(B88="Nữ",I88>=80)),2,0) -> 0 | Q88: =IF(OR(J88>=140,K88>=90),2,0) -> 0 | R88: =SUM(L88:Q88) -> 7 | AD88: x | AF88: =IF(COUNTIF(S88:Z88,"X")>=2,"Có","Không") -> Không | AG88: =IF(COUNTIF(AA88:AE88,"X")>=3,"Có","Không") -> Không | AH88: =IF((R88)>=6,"Có","Không") -> Có | AI88: =IF((R88)>=6,"Có","Không") -> Có | AJ88: =IF(OR(J88>=140,K88>=90),"Có","Không") -> Không | AK88: Phường Hiệp Thành, Tỉnh Cà Mau | AL88: 46053 | AM88: ="Tháng "&MONTH(AL88) -> Tháng 1 | AN88: Phường Hiệp Thành
A89: HÀ NGỌC HẠNH | B89: Nữ | C89: 26299 | D89: =DATEDIF(C89,TODAY(),"Y") -> 54 | E89: Không | F89: 169 | G89: 68 | H89: =G89/((F89/100)*(F89/100)) -> 23.80869 | I89: 76 | J89: 140 | K89: 80 | L89: =IF(B89="Nữ",0,2) -> 0 | M89: =IF(D89<45,0,IF(D89<=49,1,2)) -> 2 | N89: =IF(E89="Có",4,0) -> 0 | O89: =IF(H89<23,0,IF(H89<27.5,3,5)) -> 3 | P89: =IF(OR(AND(B89="Nam",I89>=90),AND(B89="Nữ",I89>=80)),2,0) -> 0 | Q89: =IF(OR(J89>=140,K89>=90),2,0) -> 2 | R89: =SUM(L89:Q89) -> 7 | AD89: x | AF89: =IF(COUNTIF(S89:Z89,"X")>=2,"Có","Không") -> Không | AG89: =IF(COUNTIF(AA89:AE89,"X")>=3,"Có","Không") -> Không | AH89: =IF((R89)>=6,"Có","Không") -> Có | AI89: =IF((R89)>=6,"Có","Không") -> Có | AJ89: =IF(OR(J89>=140,K89>=90),"Có","Không") -> Có | AK89: Phường Hiệp Thành, Tỉnh Cà Mau | AL89: 46053 | AM89: ="Tháng "&MONTH(AL89) -> Tháng 1 | AN89: Phường Hiệp Thành
A90: SƠN THỊ HỒNG | B90: Nữ | C90: 21186 | D90: =DATEDIF(C90,TODAY(),"Y") -> 68 | E90: Có | F90: 169 | G90: 68 | H90: =G90/((F90/100)*(F90/100)) -> 23.80869 | I90: 73 | J90: 160 | K90: 80 | L90: =IF(B90="Nữ",0,2) -> 0 | M90: =IF(D90<45,0,IF(D90<=49,1,2)) -> 2 | N90: =IF(E90="Có",4,0) -> 4 | O90: =IF(H90<23,0,IF(H90<27.5,3,5)) -> 3 | P90: =IF(OR(AND(B90="Nam",I90>=90),AND(B90="Nữ",I90>=80)),2,0) -> 0 | Q90: =IF(OR(J90>=140,K90>=90),2,0) -> 2 | R90: =SUM(L90:Q90) -> 11 | AD90: x | AF90: =IF(COUNTIF(S90:Z90,"X")>=2,"Có","Không") -> Không | AG90: =IF(COUNTIF(AA90:AE90,"X")>=3,"Có","Không") -> Không | AH90: =IF((R90)>=6,"Có","Không") -> Có | AI90: =IF((R90)>=6,"Có","Không") -> Có | AJ90: =IF(OR(J90>=140,K90>=90),"Có","Không") -> Có | AK90: Phường Hiệp Thành, Tỉnh Cà Mau | AL90: 46053 | AM90: ="Tháng "&MONTH(AL90) -> Tháng 1 | AN90: Phường Hiệp Thành
A91: NGUYỄN VĂN HÙNG | B91: Nam | C91: 24108 | D91: =DATEDIF(C91,TODAY(),"Y") -> 60 | E91: Có | F91: 162 | G91: 76 | H91: =G91/((F91/100)*(F91/100)) -> 28.959 | I91: 93 | J91: 120 | K91: 70 | L91: =IF(B91="Nữ",0,2) -> 2 | M91: =IF(D91<45,0,IF(D91<=49,1,2)) -> 2 | N91: =IF(E91="Có",4,0) -> 4 | O91: =IF(H91<23,0,IF(H91<27.5,3,5)) -> 5 | P91: =IF(OR(AND(B91="Nam",I91>=90),AND(B91="Nữ",I91>=80)),2,0) -> 2 | Q91: =IF(OR(J91>=140,K91>=90),2,0) -> 0 | R91: =SUM(L91:Q91) -> 15 | AD91: x | AF91: =IF(COUNTIF(S91:Z91,"X")>=2,"Có","Không") -> Không | AG91: =IF(COUNTIF(AA91:AE91,"X")>=3,"Có","Không") -> Không | AH91: =IF((R91)>=6,"Có","Không") -> Có | AI91: =IF((R91)>=6,"Có","Không") -> Có | AJ91: =IF(OR(J91>=140,K91>=90),"Có","Không") -> Không | AK91: Phường Hiệp Thành, Tỉnh Cà Mau | AL91: 46053 | AM91: ="Tháng "&MONTH(AL91) -> Tháng 1 | AN91: Phường Hiệp Thành
A92: NGUYỄN VĂN TỨC | B92: Nam | C92: 21916 | D92: =DATEDIF(C92,TODAY(),"Y") -> 66 | E92: Không | F92: 160 | G92: 55 | H92: =G92/((F92/100)*(F92/100)) -> 21.484375 | I92: 83 | J92: 120 | K92: 80 | L92: =IF(B92="Nữ",0,2) -> 2 | M92: =IF(D92<45,0,IF(D92<=49,1,2)) -> 2 | N92: =IF(E92="Có",4,0) -> 0 | O92: =IF(H92<23,0,IF(H92<27.5,3,5)) -> 0 | P92: =IF(OR(AND(B92="Nam",I92>=90),AND(B92="Nữ",I92>=80)),2,0) -> 0 | Q92: =IF(OR(J92>=140,K92>=90),2,0) -> 0 | R92: =SUM(L92:Q92) -> 4 | AD92: x | AF92: =IF(COUNTIF(S92:Z92,"X")>=2,"Có","Không") -> Không | AG92: =IF(COUNTIF(AA92:AE92,"X")>=3,"Có","Không") -> Không | AH92: =IF((R92)>=6,"Có","Không") -> Không | AI92: =IF((R92)>=6,"Có","Không") -> Không | AJ92: =IF(OR(J92>=140,K92>=90),"Có","Không") -> Không | AK92: Phường Hiệp Thành, Tỉnh Cà Mau | AL92: 46053 | AM92: ="Tháng "&MONTH(AL92) -> Tháng 1 | AN92: Phường Hiệp Thành
A93: THẠCH THỊ SÀ PHƯƠL | B93: Nữ | C93: 23012 | D93: =DATEDIF(C93,TODAY(),"Y") -> 63 | E93: Không | F93: 158 | G93: 58 | H93: =G93/((F93/100)*(F93/100)) -> 23.233456 | I93: 86 | J93: 120 | K93: 80 | L93: =IF(B93="Nữ",0,2) -> 0 | M93: =IF(D93<45,0,IF(D93<=49,1,2)) -> 2 | N93: =IF(E93="Có",4,0) -> 0 | O93: =IF(H93<23,0,IF(H93<27.5,3,5)) -> 3 | P93: =IF(OR(AND(B93="Nam",I93>=90),AND(B93="Nữ",I93>=80)),2,0) -> 2 | Q93: =IF(OR(J93>=140,K93>=90),2,0) -> 0 | R93: =SUM(L93:Q93) -> 7 | AD93: x | AF93: =IF(COUNTIF(S93:Z93,"X")>=2,"Có","Không") -> Không | AG93: =IF(COUNTIF(AA93:AE93,"X")>=3,"Có","Không") -> Không | AH93: =IF((R93)>=6,"Có","Không") -> Có | AI93: =IF((R93)>=6,"Có","Không") -> Có | AJ93: =IF(OR(J93>=140,K93>=90),"Có","Không") -> Không | AK93: Phường Hiệp Thành, Tỉnh Cà Mau | AL93: 46053 | AM93: ="Tháng "&MONTH(AL93) -> Tháng 1 | AN93: Phường Hiệp Thành
... A153: DANH THỊ EM | B153: Nữ | C153: 19360 | D153: =DATEDIF(C153,TODAY(),"Y") -> 73 | E153: Có | F153: 160 | G153: 49 | H153: =G153/((F153/100)*(F153/100)) -> 19.140625 | I153: 84 | J153: 120 | K153: 70 | L153: =IF(B153="Nữ",0,2) -> 0 | M153: =IF(D153<45,0,IF(D153<=49,1,2)) -> 2 | N153: =IF(E153="Có",4,0) -> 4 | O153: =IF(H153<23,0,IF(H153<27.5,3,5)) -> 0 | P153: =IF(OR(AND(B153="Nam",I153>=90),AND(B153="Nữ",I153>=80)),2,0) -> 2 | Q153: =IF(OR(J153>=140,K153>=90),2,0) -> 0 | R153: =SUM(L153:Q153) -> 8 | AD153: x | AF153: =IF(COUNTIF(S153:Z153,"X")>=2,"Có","Không") -> Không | AG153: =IF(COUNTIF(AA153:AE153,"X")>=3,"Có","Không") -> Không | AH153: =IF((R153)>=6,"Có","Không") -> Có | AI153: =IF((R153)>=6,"Có","Không") -> Có | AJ153: =IF(OR(J153>=140,K153>=90),"Có","Không") -> Không | AK153: Phường Hiệp Thành, Tỉnh Cà Mau | AL153: 46053 | AM153: ="Tháng "&MONTH(AL153) -> Tháng 1 | AN153: Phường Hiệp Thành
A154: TRƯƠNG VĂN HỒNG | B154: Nam | C154: 01/01/1968 | D154: =DATEDIF(C154,TODAY(),"Y") -> 58 | E154: Có | F154: 163 | G154: 69 | H154: =G154/((F154/100)*(F154/100)) -> 25.970116 | I154: 99 | J154: 120 | K154: 80 | L154: =IF(B154="Nữ",0,2) -> 2 | M154: =IF(D154<45,0,IF(D154<=49,1,2)) -> 2 | N154: =IF(E154="Có",4,0) -> 4 | O154: =IF(H154<23,0,IF(H154<27.5,3,5)) -> 3 | P154: =IF(OR(AND(B154="Nam",I154>=90),AND(B154="Nữ",I154>=80)),2,0) -> 2 | Q154: =IF(OR(J154>=140,K154>=90),2,0) -> 0 | R154: =SUM(L154:Q154) -> 13 | AD154: x | AF154: =IF(COUNTIF(S154:Z154,"X")>=2,"Có","Không") -> Không | AG154: =IF(COUNTIF(AA154:AE154,"X")>=3,"Có","Không") -> Không | AH154: =IF((R154)>=6,"Có","Không") -> Có | AI154: =IF((R154)>=6,"Có","Không") -> Có | AJ154: =IF(OR(J154>=140,K154>=90),"Có","Không") -> Không | AK154: Phường Hiệp Thành, tỉnh Cà Mau | AL154: 46081 | AM154: ="Tháng "&MONTH(AL154) -> Tháng 2 | AN154: =LEFT(AK154,FIND(",",AK154)-1) -> Phường Hiệp Thành
A155: HUỲNH VĂN BÍ | B155: Nam | C155: 01/01/1952 | D155: =DATEDIF(C155,TODAY(),"Y") -> 74 | E155: Không | F155: 170 | G155: 57 | H155: =G155/((F155/100)*(F155/100)) -> 19.723183 | I155: 81 | J155: 120 | K155: 80 | L155: =IF(B155="Nữ",0,2) -> 2 | M155: =IF(D155<45,0,IF(D155<=49,1,2)) -> 2 | N155: =IF(E155="Có",4,0) -> 0 | O155: =IF(H155<23,0,IF(H155<27.5,3,5)) -> 0 | P155: =IF(OR(AND(B155="Nam",I155>=90),AND(B155="Nữ",I155>=80)),2,0) -> 0 | Q155: =IF(OR(J155>=140,K155>=90),2,0) -> 0 | R155: =SUM(L155:Q155) -> 4 | AD155: x | AF155: =IF(COUNTIF(S155:Z155,"X")>=2,"Có","Không") -> Không | AG155: =IF(COUNTIF(AA155:AE155,"X")>=3,"Có","Không") -> Không | AH155: =IF((R155)>=6,"Có","Không") -> Không | AI155: =IF((R155)>=6,"Có","Không") -> Không | AJ155: =IF(OR(J155>=140,K155>=90),"Có","Không") -> Không | AK155: Giống Nhãn, Phường Hiệp Thành, Tỉnh Cà Mau | AL155: 46081 | AM155: ="Tháng "&MONTH(AL155) -> Tháng 2 | AN155: =LEFT(AK155,FIND(",",AK155)-1) -> Giống Nhãn
A156: LIÊU XÚ MÉN | B156: Nữ | C156: 01/01/1969 | D156: =DATEDIF(C156,TODAY(),"Y") -> 57 | E156: Có | F156: 150 | G156: 32 | H156: =G156/((F156/100)*(F156/100)) -> 14.222222 | I156: 73 | J156: 120 | K156: 80 | L156: =IF(B156="Nữ",0,2) -> 0 | M156: =IF(D156<45,0,IF(D156<=49,1,2)) -> 2 | N156: =IF(E156="Có",4,0) -> 4 | O156: =IF(H156<23,0,IF(H156<27.5,3,5)) -> 0 | P156: =IF(OR(AND(B156="Nam",I156>=90),AND(B156="Nữ",I156>=80)),2,0) -> 0 | Q156: =IF(OR(J156>=140,K156>=90),2,0) -> 0 | R156: =SUM(L156:Q156) -> 6 | AD156: x | AF156: =IF(COUNTIF(S156:Z156,"X")>=2,"Có","Không") -> Không | AG156: =IF(COUNTIF(AA156:AE156,"X")>=3,"Có","Không") -> Không | AH156: =IF((R156)>=6,"Có","Không") -> Có | AI156: =IF((R156)>=6,"Có","Không") -> Có | AJ156: =IF(OR(J156>=140,K156>=90),"Có","Không") -> Không | AK156: Phường Hiệp Thành, Tỉnh Cà Mau | AL156: 46081 | AM156: ="Tháng "&MONTH(AL156) -> Tháng 2 | AN156: =LEFT(AK156,FIND(",",AK156)-1) -> Phường Hiệp Thành
A157: TRIỆU HỒNG CHƯƠNG | B157: Nam | C157: 01/01/1947 | D157: =DATEDIF(C157,TODAY(),"Y") -> 79 | E157: Không | F157: 169 | G157: 69 | H157: =G157/((F157/100)*(F157/100)) -> 24.158818 | I157: 100 | J157: 140 | K157: 80 | L157: =IF(B157="Nữ",0,2) -> 2 | M157: =IF(D157<45,0,IF(D157<=49,1,2)) -> 2 | N157: =IF(E157="Có",4,0) -> 0 | O157: =IF(H157<23,0,IF(H157<27.5,3,5)) -> 3 | P157: =IF(OR(AND(B157="Nam",I157>=90),AND(B157="Nữ",I157>=80)),2,0) -> 2 | Q157: =IF(OR(J157>=140,K157>=90),2,0) -> 2 | R157: =SUM(L157:Q157) -> 11 | AD157: x | AF157: =IF(COUNTIF(S157:Z157,"X")>=2,"Có","Không") -> Không | AG157: =IF(COUNTIF(AA157:AE157,"X")>=3,"Có","Không") -> Không | AH157: =IF((R157)>=6,"Có","Không") -> Có | AI157: =IF((R157)>=6,"Có","Không") -> Có | AJ157: =IF(OR(J157>=140,K157>=90),"Có","Không") -> Có | AK157: Ấp Biển Đông A, Phường Hiệp Thành, Tỉnh Cà Mau | AL157: 46081 | AM157: ="Tháng "&MONTH(AL157) -> Tháng 2 | AN157: =LEFT(AK157,FIND(",",AK157)-1) -> Ấp Biển Đông A
A158: NGUYỄN VĂN CHÂU | B158: Nam | C158: 01/01/1961 | D158: =DATEDIF(C158,TODAY(),"Y") -> 65 | E158: Có | F158: 169 | G158: 69 | H158: =G158/((F158/100)*(F158/100)) -> 24.158818 | I158: 96 | J158: 140 | K158: 80 | L158: =IF(B158="Nữ",0,2) -> 2 | M158: =IF(D158<45,0,IF(D158<=49,1,2)) -> 2 | N158: =IF(E158="Có",4,0) -> 4 | O158: =IF(H158<23,0,IF(H158<27.5,3,5)) -> 3 | P158: =IF(OR(AND(B158="Nam",I158>=90),AND(B158="Nữ",I158>=80)),2,0) -> 2 | Q158: =IF(OR(J158>=140,K158>=90),2,0) -> 2 | R158: =SUM(L158:Q158) -> 15 | AD158: x | AF158: =IF(COUNTIF(S158:Z158,"X")>=2,"Có","Không") -> Không | AG158: =IF(COUNTIF(AA158:AE158,"X")>=3,"Có","Không") -> Không | AH158: =IF((R158)>=6,"Có","Không") -> Có | AI158: =IF((R158)>=6,"Có","Không") -> Có | AJ158: =IF(OR(J158>=140,K158>=90),"Có","Không") -> Có | AK158: Ấp Biển Đông A, Phường Hiệp Thành, Tỉnh Cà Mau | AL158: 46081 | AM158: ="Tháng "&MONTH(AL158) -> Tháng 2 | AN158: =LEFT(AK158,FIND(",",AK158)-1) -> Ấp Biển Đông A
A159: TRẦN BÒ | B159: Nam | C159: 01/01/1974 | D159: =DATEDIF(C159,TODAY(),"Y") -> 52 | E159: Có | F159: 169 | G159: 69 | H159: =G159/((F159/100)*(F159/100)) -> 24.158818 | I159: 90 | J159: 160 | K159: 80 | L159: =IF(B159="Nữ",0,2) -> 2 | M159: =IF(D159<45,0,IF(D159<=49,1,2)) -> 2 | N159: =IF(E159="Có",4,0) -> 4 | O159: =IF(H159<23,0,IF(H159<27.5,3,5)) -> 3 | P159: =IF(OR(AND(B159="Nam",I159>=90),AND(B159="Nữ",I159>=80)),2,0) -> 2 | Q159: =IF(OR(J159>=140,K159>=90),2,0) -> 2 | R159: =SUM(L159:Q159) -> 15 | AD159: x | AF159: =IF(COUNTIF(S159:Z159,"X")>=2,"Có","Không") -> Không | AG159: =IF(COUNTIF(AA159:AE159,"X")>=3,"Có","Không") -> Không | AH159: =IF((R159)>=6,"Có","Không") -> Có | AI159: =IF((R159)>=6,"Có","Không") -> Có | AJ159: =IF(OR(J159>=140,K159>=90),"Có","Không") -> Có | AK159: ẤP BIỂN TÂY B, Phường Hiệp Thành, Tỉnh Cà Mau | AL159: 46081 | AM159: ="Tháng "&MONTH(AL159) -> Tháng 2 | AN159: =LEFT(AK159,FIND(",",AK159)-1) -> ẤP BIỂN TÂY B
A160: NGUYỄN VĂN DỞ | B160: Nam | C160: 01/01/1961 | D160: =DATEDIF(C160,TODAY(),"Y") -> 65 | E160: Có | F160: 170 | G160: 55 | H160: =G160/((F160/100)*(F160/100)) -> 19.031142 | I160: 76 | J160: 120 | K160: 80 | L160: =IF(B160="Nữ",0,2) -> 2 | M160: =IF(D160<45,0,IF(D160<=49,1,2)) -> 2 | N160: =IF(E160="Có",4,0) -> 4 | O160: =IF(H160<23,0,IF(H160<27.5,3,5)) -> 0 | P160: =IF(OR(AND(B160="Nam",I160>=90),AND(B160="Nữ",I160>=80)),2,0) -> 0 | Q160: =IF(OR(J160>=140,K160>=90),2,0) -> 0 | R160: =SUM(L160:Q160) -> 8 | AD160: x | AF160: =IF(COUNTIF(S160:Z160,"X")>=2,"Có","Không") -> Không | AG160: =IF(COUNTIF(AA160:AE160,"X")>=3,"Có","Không") -> Không | AH160: =IF((R160)>=6,"Có","Không") -> Có | AI160: =IF((R160)>=6,"Có","Không") -> Có | AJ160: =IF(OR(J160>=140,K160>=90),"Có","Không") -> Không | AK160: Khóm Giồng Giữa, Phường Hiệp Thành, Tỉnh Cà Mau | AL160: 46081 | AM160: ="Tháng "&MONTH(AL160) -> Tháng 2 | AN160: =LEFT(AK160,FIND(",",AK160)-1) -> Khóm Giồng Giữa
A161: LA THỊ HỒNG DÂN | B161: Nữ | C161: 01/01/1972 | D161: =DATEDIF(C161,TODAY(),"Y") -> 54 | E161: Không | F161: 164 | G161: 61 | H161: =G161/((F161/100)*(F161/100)) -> 22.679952 | I161: 90 | J161: 120 | K161: 80 | L161: =IF(B161="Nữ",0,2) -> 0 | M161: =IF(D161<45,0,IF(D161<=49,1,2)) -> 2 | N161: =IF(E161="Có",4,0) -> 0 | O161: =IF(H161<23,0,IF(H161<27.5,3,5)) -> 0 | P161: =IF(OR(AND(B161="Nam",I161>=90),AND(B161="Nữ",I161>=80)),2,0) -> 2 | Q161: =IF(OR(J161>=140,K161>=90),2,0) -> 0 | R161: =SUM(L161:Q161) -> 4 | AD161: x | AF161: =IF(COUNTIF(S161:Z161,"X")>=2,"Có","Không") -> Không | AG161: =IF(COUNTIF(AA161:AE161,"X")>=3,"Có","Không") -> Không | AH161: =IF((R161)>=6,"Có","Không") -> Không | AI161: =IF((R161)>=6,"Có","Không") -> Không | AJ161: =IF(OR(J161>=140,K161>=90),"Có","Không") -> Không | AK161: Xã Vĩnh Trạch Đông, Thành phố Bạc Liêu, Tỉnh Bạc Liêu | AL161: 46081 | AM161: ="Tháng "&MONTH(AL161) -> Tháng 2 | AN161: =LEFT(AK161,FIND(",",AK161)-1) -> Xã Vĩnh Trạch Đông
A162: TÁC VĂN HÚA | B162: Nam | C162: 01/01/1957 | D162: =DATEDIF(C162,TODAY(),"Y") -> 69 | E162: Không | F162: 167 | G162: 66 | H162: =G162/((F162/100)*(F162/100)) -> 23.665244 | I162: 91 | J162: 120 | K162: 80 | L162: =IF(B162="Nữ",0,2) -> 2 | M162: =IF(D162<45,0,IF(D162<=49,1,2)) -> 2 | N162: =IF(E162="Có",4,0) -> 0 | O162: =IF(H162<23,0,IF(H162<27.5,3,5)) -> 3 | P162: =IF(OR(AND(B162="Nam",I162>=90),AND(B162="Nữ",I162>=80)),2,0) -> 2 | Q162: =IF(OR(J162>=140,K162>=90),2,0) -> 0 | R162: =SUM(L162:Q162) -> 9 | AD162: x | AF162: =IF(COUNTIF(S162:Z162,"X")>=2,"Có","Không") -> Không | AG162: =IF(COUNTIF(AA162:AE162,"X")>=3,"Có","Không") -> Không | AH162: =IF((R162)>=6,"Có","Không") -> Có | AI162: =IF((R162)>=6,"Có","Không") -> Có | AJ162: =IF(OR(J162>=140,K162>=90),"Có","Không") -> Không | AK162: Ấp Giồng Giữa B, Phường Hiệp Thành, Tỉnh Cà Mau | AL162: 46081 | AM162: ="Tháng "&MONTH(AL162) -> Tháng 2 | AN162: =LEFT(AK162,FIND(",",AK162)-1) -> Ấp Giồng Giữa B
A163: LÊ MỘNG TIỀN | B163: Nữ | C163: 01/01/1977 | D163: =DATEDIF(C163,TODAY(),"Y") -> 49 | E163: Không | F163: 170 | G163: 60 | H163: =G163/((F163/100)*(F163/100)) -> 20.761246 | I163: 88 | J163: 120 | K163: 70 | L163: =IF(B163="Nữ",0,2) -> 0 | M163: =IF(D163<45,0,IF(D163<=49,1,2)) -> 1 | N163: =IF(E163="Có",4,0) -> 0 | O163: =IF(H163<23,0,IF(H163<27.5,3,5)) -> 0 | P163: =IF(OR(AND(B163="Nam",I163>=90),AND(B163="Nữ",I163>=80)),2,0) -> 2 | Q163: =IF(OR(J163>=140,K163>=90),2,0) -> 0 | R163: =SUM(L163:Q163) -> 3 | AD163: x | AF163: =IF(COUNTIF(S163:Z163,"X")>=2,"Có","Không") -> Không | AG163: =IF(COUNTIF(AA163:AE163,"X")>=3,"Có","Không") -> Không | AH163: =IF((R163)>=6,"Có","Không") -> Không | AI163: =IF((R163)>=6,"Có","Không") -> Không | AJ163: =IF(OR(J163>=140,K163>=90),"Có","Không") -> Không | AK163: Xóm Lẫm, Phường Hiệp Thành, Tỉnh Cà Mau | AL163: 46081 | AM163: ="Tháng "&MONTH(AL163) -> Tháng 2 | AN163: =LEFT(AK163,FIND(",",AK163)-1) -> Xóm Lẫm
A164: LÂM THỊ ÚT | B164: Nữ | C164: 01/01/1976 | D164: =DATEDIF(C164,TODAY(),"Y") -> 50 | E164: Không | F164: 158 | G164: 58 | H164: =G164/((F164/100)*(F164/100)) -> 23.233456 | I164: 72 | J164: 140 | K164: 80 | L164: =IF(B164="Nữ",0,2) -> 0 | M164: =IF(D164<45,0,IF(D164<=49,1,2)) -> 2 | N164: =IF(E164="Có",4,0) -> 0 | O164: =IF(H164<23,0,IF(H164<27.5,3,5)) -> 3 | P164: =IF(OR(AND(B164="Nam",I164>=90),AND(B164="Nữ",I164>=80)),2,0) -> 0 | Q164: =IF(OR(J164>=140,K164>=90),2,0) -> 2 | R164: =SUM(L164:Q164) -> 7 | AD164: x | AF164: =IF(COUNTIF(S164:Z164,"X")>=2,"Có","Không") -> Không | AG164: =IF(COUNTIF(AA164:AE164,"X")>=3,"Có","Không") -> Không | AH164: =IF((R164)>=6,"Có","Không") -> Có | AI164: =IF((R164)>=6,"Có","Không") -> Có | AJ164: =IF(OR(J164>=140,K164>=90),"Có","Không") -> Có | AK164: Biển Đông A, Phường Hiệp Thành, Tỉnh Cà Mau | AL164: 46081 | AM164: ="Tháng "&MONTH(AL164) -> Tháng 2 | AN164: =LEFT(AK164,FIND(",",AK164)-1) -> Biển Đông A
A165: LIÊU XÚ XÉM | B165: Nữ | C165: 01/01/1972 | D165: =DATEDIF(C165,TODAY(),"Y") -> 54 | E165: Không | F165: 160 | G165: 55 | H165: =G165/((F165/100)*(F165/100)) -> 21.484375 | I165: 74 | J165: 120 | K165: 70 | L165: =IF(B165="Nữ",0,2) -> 0 | M165: =IF(D165<45,0,IF(D165<=49,1,2)) -> 2 | N165: =IF(E165="Có",4,0) -> 0 | O165: =IF(H165<23,0,IF(H165<27.5,3,5)) -> 0 | P165: =IF(OR(AND(B165="Nam",I165>=90),AND(B165="Nữ",I165>=80)),2,0) -> 0 | Q165: =IF(OR(J165>=140,K165>=90),2,0) -> 0 | R165: =SUM(L165:Q165) -> 2 | AD165: x | AF165: =IF(COUNTIF(S165:Z165,"X")>=2,"Có","Không") -> Không | AG165: =IF(COUNTIF(AA165:AE165,"X")>=3,"Có","Không") -> Không | AH165: =IF((R165)>=6,"Có","Không") -> Không | AI165: =IF((R165)>=6,"Có","Không") -> Không | AJ165: =IF(OR(J165>=140,K165>=90),"Có","Không") -> Không | AK165: Giồng Nhãn A, Phường Hiệp Thành, Tỉnh Cà Mau | AL165: 46081 | AM165: ="Tháng "&MONTH(AL165) -> Tháng 2 | AN165: =LEFT(AK165,FIND(",",AK165)-1) -> Giồng Nhãn A
... A240: NGUYỄN THỊ THU | B240: Nữ | C240: 01/01/1981 | D240: =DATEDIF(C240,TODAY(),"Y") -> 45 | E240: Không | F240: 158 | G240: 60 | H240: =G240/((F240/100)*(F240/100)) -> 24.03461 | I240: 87 | J240: 120 | K240: 70 | L240: =IF(B240="Nữ",0,2) -> 0 | M240: =IF(D240<45,0,IF(D240<=49,1,2)) -> 1 | N240: =IF(E240="Có",4,0) -> 0 | O240: =IF(H240<23,0,IF(H240<27.5,3,5)) -> 3 | P240: =IF(OR(AND(B240="Nam",I240>=90),AND(B240="Nữ",I240>=80)),2,0) -> 2 | Q240: =IF(OR(J240>=140,K240>=90),2,0) -> 0 | R240: =SUM(L240:Q240) -> 6 | AD240: x | AF240: =IF(COUNTIF(S240:Z240,"X")>=2,"Có","Không") -> Không | AG240: =IF(COUNTIF(AA240:AE240,"X")>=3,"Có","Không") -> Không | AH240: =IF((R240)>=6,"Có","Không") -> Có | AI240: =IF((R240)>=6,"Có","Không") -> Có | AJ240: =IF(OR(J240>=140,K240>=90),"Có","Không") -> Không | AK240: Phường Hiệp Thành, Tỉnh Cà Mau | AL240: 46081 | AM240: ="Tháng "&MONTH(AL240) -> Tháng 2 | AN240: =LEFT(AK240,FIND(",",AK240)-1) -> Phường Hiệp Thành
A241: DƯƠNG KIM CHUNG | B241: Nữ | C241: 23012 | D241: =DATEDIF(C241,TODAY(),"Y") -> 63 | E241: Có | F241: 160 | G241: 49 | H241: =G241/((F241/100)*(F241/100)) -> 19.140625 | I241: 86 | J241: 120 | K241: 80 | L241: =IF(B241="Nữ",0,2) -> 0 | M241: =IF(D241<45,0,IF(D241<=49,1,2)) -> 2 | N241: =IF(E241="Có",4,0) -> 4 | O241: =IF(H241<23,0,IF(H241<27.5,3,5)) -> 0 | P241: =IF(OR(AND(B241="Nam",I241>=90),AND(B241="Nữ",I241>=80)),2,0) -> 2 | Q241: =IF(OR(J241>=140,K241>=90),2,0) -> 0 | R241: =SUM(L241:Q241) -> 8 | AD241: x | AF241: =IF(COUNTIF(S241:Z241,"X")>=2,"Có","Không") -> Không | AG241: =IF(COUNTIF(AA241:AE241,"X")>=3,"Có","Không") -> Không | AH241: =IF((R241)>=6,"Có","Không") -> Có | AI241: =IF((R241)>=6,"Có","Không") -> Có | AJ241: =IF(OR(J241>=140,K241>=90),"Có","Không") -> Không | AK241: Phường Hiệp Thành, Tỉnh Cà Mau | AL241: 46081 | AM241: ="Tháng "&MONTH(AL241) -> Tháng 2 | AN241: Phường Hiệp Thành
A242: VĂN THỊ NGỌC MAI | B242: Nữ | C242: 23377 | D242: =DATEDIF(C242,TODAY(),"Y") -> 62 | E242: Có | F242: 158 | G242: 58 | H242: =G242/((F242/100)*(F242/100)) -> 23.233456 | I242: 65 | J242: 130 | K242: 80 | L242: =IF(B242="Nữ",0,2) -> 0 | M242: =IF(D242<45,0,IF(D242<=49,1,2)) -> 2 | N242: =IF(E242="Có",4,0) -> 4 | O242: =IF(H242<23,0,IF(H242<27.5,3,5)) -> 3 | P242: =IF(OR(AND(B242="Nam",I242>=90),AND(B242="Nữ",I242>=80)),2,0) -> 0 | Q242: =IF(OR(J242>=140,K242>=90),2,0) -> 0 | R242: =SUM(L242:Q242) -> 9 | AD242: x | AF242: =IF(COUNTIF(S242:Z242,"X")>=2,"Có","Không") -> Không | AG242: =IF(COUNTIF(AA242:AE242,"X")>=3,"Có","Không") -> Không | AH242: =IF((R242)>=6,"Có","Không") -> Có | AI242: =IF((R242)>=6,"Có","Không") -> Có | AJ242: =IF(OR(J242>=140,K242>=90),"Có","Không") -> Không | AK242: Phường Hiệp Thành, Tỉnh Cà Mau | AL242: 46081 | AM242: ="Tháng "&MONTH(AL242) -> Tháng 2 | AN242: Phường Hiệp Thành
A243: TRANG VĨNH MINH | B243: Nam | C243: 19725 | D243: =DATEDIF(C243,TODAY(),"Y") -> 72 | E243: Có | F243: 158 | G243: 58 | H243: =G243/((F243/100)*(F243/100)) -> 23.233456 | I243: 85 | J243: 120 | K243: 80 | L243: =IF(B243="Nữ",0,2) -> 2 | M243: =IF(D243<45,0,IF(D243<=49,1,2)) -> 2 | N243: =IF(E243="Có",4,0) -> 4 | O243: =IF(H243<23,0,IF(H243<27.5,3,5)) -> 3 | P243: =IF(OR(AND(B243="Nam",I243>=90),AND(B243="Nữ",I243>=80)),2,0) -> 0 | Q243: =IF(OR(J243>=140,K243>=90),2,0) -> 0 | R243: =SUM(L243:Q243) -> 11 | AD243: x | AF243: =IF(COUNTIF(S243:Z243,"X")>=2,"Có","Không") -> Không | AG243: =IF(COUNTIF(AA243:AE243,"X")>=3,"Có","Không") -> Không | AH243: =IF((R243)>=6,"Có","Không") -> Có | AI243: =IF((R243)>=6,"Có","Không") -> Có | AJ243: =IF(OR(J243>=140,K243>=90),"Có","Không") -> Không | AK243: Phường Hiệp Thành, Tỉnh Cà Mau | AL243: 46081 | AM243: ="Tháng "&MONTH(AL243) -> Tháng 2 | AN243: Phường Hiệp Thành
A244: CHIÊM MỸ DU | B244: Nữ | C244: 17899 | D244: =DATEDIF(C244,TODAY(),"Y") -> 77 | E244: Không | F244: 162 | G244: 64 | H244: =G244/((F244/100)*(F244/100)) -> 24.386526 | I244: 67 | J244: 140 | K244: 80 | L244: =IF(B244="Nữ",0,2) -> 0 | M244: =IF(D244<45,0,IF(D244<=49,1,2)) -> 2 | N244: =IF(E244="Có",4,0) -> 0 | O244: =IF(H244<23,0,IF(H244<27.5,3,5)) -> 3 | P244: =IF(OR(AND(B244="Nam",I244>=90),AND(B244="Nữ",I244>=80)),2,0) -> 0 | Q244: =IF(OR(J244>=140,K244>=90),2,0) -> 2 | R244: =SUM(L244:Q244) -> 7 | AD244: x | AF244: =IF(COUNTIF(S244:Z244,"X")>=2,"Có","Không") -> Không | AG244: =IF(COUNTIF(AA244:AE244,"X")>=3,"Có","Không") -> Không | AH244: =IF((R244)>=6,"Có","Không") -> Có | AI244: =IF((R244)>=6,"Có","Không") -> Có | AJ244: =IF(OR(J244>=140,K244>=90),"Có","Không") -> Có | AK244: Phường Hiệp Thành, Tỉnh Cà Mau | AL244: 46081 | AM244: ="Tháng "&MONTH(AL244) -> Tháng 2 | AN244: Phường Hiệp Thành
A245: ĐỖ THỊ HUA | B245: Nữ | C245: 20821 | D245: =DATEDIF(C245,TODAY(),"Y") -> 69 | E245: Không | F245: 158 | G245: 58 | H245: =G245/((F245/100)*(F245/100)) -> 23.233456 | I245: 72 | J245: 120 | K245: 80 | L245: =IF(B245="Nữ",0,2) -> 0 | M245: =IF(D245<45,0,IF(D245<=49,1,2)) -> 2 | N245: =IF(E245="Có",4,0) -> 0 | O245: =IF(H245<23,0,IF(H245<27.5,3,5)) -> 3 | P245: =IF(OR(AND(B245="Nam",I245>=90),AND(B245="Nữ",I245>=80)),2,0) -> 0 | Q245: =IF(OR(J245>=140,K245>=90),2,0) -> 0 | R245: =SUM(L245:Q245) -> 5 | AD245: x | AF245: =IF(COUNTIF(S245:Z245,"X")>=2,"Có","Không") -> Không | AG245: =IF(COUNTIF(AA245:AE245,"X")>=3,"Có","Không") -> Không | AH245: =IF((R245)>=6,"Có","Không") -> Không | AI245: =IF((R245)>=6,"Có","Không") -> Không | AJ245: =IF(OR(J245>=140,K245>=90),"Có","Không") -> Không | AK245: Phường Hiệp Thành, Tỉnh Cà Mau | AL245: 46081 | AM245: ="Tháng "&MONTH(AL245) -> Tháng 2 | AN245: Phường Hiệp Thành
A246: THẠCH THỊ NGHIÊM | B246: Nữ | C246: 22647 | D246: =DATEDIF(C246,TODAY(),"Y") -> 64 | E246: Không | F246: 160 | G246: 49 | H246: =G246/((F246/100)*(F246/100)) -> 19.140625 | I246: 96 | J246: 130 | K246: 80 | L246: =IF(B246="Nữ",0,2) -> 0 | M246: =IF(D246<45,0,IF(D246<=49,1,2)) -> 2 | N246: =IF(E246="Có",4,0) -> 0 | O246: =IF(H246<23,0,IF(H246<27.5,3,5)) -> 0 | P246: =IF(OR(AND(B246="Nam",I246>=90),AND(B246="Nữ",I246>=80)),2,0) -> 2 | Q246: =IF(OR(J246>=140,K246>=90),2,0) -> 0 | R246: =SUM(L246:Q246) -> 4 | AD246: x | AF246: =IF(COUNTIF(S246:Z246,"X")>=2,"Có","Không") -> Không | AG246: =IF(COUNTIF(AA246:AE246,"X")>=3,"Có","Không") -> Không | AH246: =IF((R246)>=6,"Có","Không") -> Không | AI246: =IF((R246)>=6,"Có","Không") -> Không | AJ246: =IF(OR(J246>=140,K246>=90),"Có","Không") -> Không | AK246: Phường Hiệp Thành, Tỉnh Cà Mau | AL246: 46081 | AM246: ="Tháng "&MONTH(AL246) -> Tháng 2 | AN246: Phường Hiệp Thành
A247: HUỲNH VĂN HOÀI | B247: Nam | C247: 23377 | D247: =DATEDIF(C247,TODAY(),"Y") -> 62 | E247: Có | F247: 158 | G247: 58 | H247: =G247/((F247/100)*(F247/100)) -> 23.233456 | I247: 86 | J247: 130 | K247: 80 | L247: =IF(B247="Nữ",0,2) -> 2 | M247: =IF(D247<45,0,IF(D247<=49,1,2)) -> 2 | N247: =IF(E247="Có",4,0) -> 4 | O247: =IF(H247<23,0,IF(H247<27.5,3,5)) -> 3 | P247: =IF(OR(AND(B247="Nam",I247>=90),AND(B247="Nữ",I247>=80)),2,0) -> 0 | Q247: =IF(OR(J247>=140,K247>=90),2,0) -> 0 | R247: =SUM(L247:Q247) -> 11 | AD247: x | AF247: =IF(COUNTIF(S247:Z247,"X")>=2,"Có","Không") -> Không | AG247: =IF(COUNTIF(AA247:AE247,"X")>=3,"Có","Không") -> Không | AH247: =IF((R247)>=6,"Có","Không") -> Có | AI247: =IF((R247)>=6,"Có","Không") -> Có | AJ247: =IF(OR(J247>=140,K247>=90),"Có","Không") -> Không | AK247: Phường Hiệp Thành, Tỉnh Cà Mau | AL247: 46081 | AM247: ="Tháng "&MONTH(AL247) -> Tháng 2 | AN247: Phường Hiệp Thành
A248: THẠCH THỊ VƯƠNG | B248: Nữ | C248: 26299 | D248: =DATEDIF(C248,TODAY(),"Y") -> 54 | E248: Có | F248: 158 | G248: 58 | H248: =G248/((F248/100)*(F248/100)) -> 23.233456 | I248: 88 | J248: 140 | K248: 80 | L248: =IF(B248="Nữ",0,2) -> 0 | M248: =IF(D248<45,0,IF(D248<=49,1,2)) -> 2 | N248: =IF(E248="Có",4,0) -> 4 | O248: =IF(H248<23,0,IF(H248<27.5,3,5)) -> 3 | P248: =IF(OR(AND(B248="Nam",I248>=90),AND(B248="Nữ",I248>=80)),2,0) -> 2 | Q248: =IF(OR(J248>=140,K248>=90),2,0) -> 2 | R248: =SUM(L248:Q248) -> 13 | AD248: x | AF248: =IF(COUNTIF(S248:Z248,"X")>=2,"Có","Không") -> Không | AG248: =IF(COUNTIF(AA248:AE248,"X")>=3,"Có","Không") -> Không | AH248: =IF((R248)>=6,"Có","Không") -> Có | AI248: =IF((R248)>=6,"Có","Không") -> Có | AJ248: =IF(OR(J248>=140,K248>=90),"Có","Không") -> Có | AK248: Phường Hiệp Thành, Tỉnh Cà Mau | AL248: 46081 | AM248: ="Tháng "&MONTH(AL248) -> Tháng 2 | AN248: Phường Hiệp Thành
A249: NGUYỄN VĂN ÁNH | B249: Nam | C249: 22282 | D249: =DATEDIF(C249,TODAY(),"Y") -> 65 | E249: Không | F249: 156 | G249: 53 | H249: =G249/((F249/100)*(F249/100)) -> 21.778435 | I249: 80 | J249: 120 | K249: 80 | L249: =IF(B249="Nữ",0,2) -> 2 | M249: =IF(D249<45,0,IF(D249<=49,1,2)) -> 2 | N249: =IF(E249="Có",4,0) -> 0 | O249: =IF(H249<23,0,IF(H249<27.5,3,5)) -> 0 | P249: =IF(OR(AND(B249="Nam",I249>=90),AND(B249="Nữ",I249>=80)),2,0) -> 0 | Q249: =IF(OR(J249>=140,K249>=90),2,0) -> 0 | R249: =SUM(L249:Q249) -> 4 | AD249: x | AF249: =IF(COUNTIF(S249:Z249,"X")>=2,"Có","Không") -> Không | AG249: =IF(COUNTIF(AA249:AE249,"X")>=3,"Có","Không") -> Không | AH249: =IF((R249)>=6,"Có","Không") -> Không | AI249: =IF((R249)>=6,"Có","Không") -> Không | AJ249: =IF(OR(J249>=140,K249>=90),"Có","Không") -> Không | AK249: Phường Hiệp Thành, Tỉnh Cà Mau | AL249: 46081 | AM249: ="Tháng "&MONTH(AL249) -> Tháng 2 | AN249: Phường Hiệp Thành
A250: TRIỆU HỒNG CHƯƠNG | B250: Nữ | C250: 22647 | D250: =DATEDIF(C250,TODAY(),"Y") -> 64 | E250: Không | F250: 156 | G250: 53 | H250: =G250/((F250/100)*(F250/100)) -> 21.778435 | I250: 96 | J250: 130 | K250: 80 | L250: =IF(B250="Nữ",0,2) -> 0 | M250: =IF(D250<45,0,IF(D250<=49,1,2)) -> 2 | N250: =IF(E250="Có",4,0) -> 0 | O250: =IF(H250<23,0,IF(H250<27.5,3,5)) -> 0 | P250: =IF(OR(AND(B250="Nam",I250>=90),AND(B250="Nữ",I250>=80)),2,0) -> 2 | Q250: =IF(OR(J250>=140,K250>=90),2,0) -> 0 | R250: =SUM(L250:Q250) -> 4 | AD250: x | AF250: =IF(COUNTIF(S250:Z250,"X")>=2,"Có","Không") -> Không | AG250: =IF(COUNTIF(AA250:AE250,"X")>=3,"Có","Không") -> Không | AH250: =IF((R250)>=6,"Có","Không") -> Không | AI250: =IF((R250)>=6,"Có","Không") -> Không | AJ250: =IF(OR(J250>=140,K250>=90),"Có","Không") -> Không | AK250: Phường Hiệp Thành, Tỉnh Cà Mau | AL250: 46081 | AM250: ="Tháng "&MONTH(AL250) -> Tháng 2 | AN250: Phường Hiệp Thành
A251: LÂM THỊ XÀ VƯƠL | B251: Nữ | C251: 24473 | D251: =DATEDIF(C251,TODAY(),"Y") -> 59 | E251: Không | F251: 158 | G251: 58 | H251: =G251/((F251/100)*(F251/100)) -> 23.233456 | I251: 99 | J251: 130 | K251: 80 | L251: =IF(B251="Nữ",0,2) -> 0 | M251: =IF(D251<45,0,IF(D251<=49,1,2)) -> 2 | N251: =IF(E251="Có",4,0) -> 0 | O251: =IF(H251<23,0,IF(H251<27.5,3,5)) -> 3 | P251: =IF(OR(AND(B251="Nam",I251>=90),AND(B251="Nữ",I251>=80)),2,0) -> 2 | Q251: =IF(OR(J251>=140,K251>=90),2,0) -> 0 | R251: =SUM(L251:Q251) -> 7 | AD251: x | AF251: =IF(COUNTIF(S251:Z251,"X")>=2,"Có","Không") -> Không | AG251: =IF(COUNTIF(AA251:AE251,"X")>=3,"Có","Không") -> Không | AH251: =IF((R251)>=6,"Có","Không") -> Có | AI251: =IF((R251)>=6,"Có","Không") -> Có | AJ251: =IF(OR(J251>=140,K251>=90),"Có","Không") -> Không | AK251: Phường Hiệp Thành, Tỉnh Cà Mau | AL251: 46081 | AM251: ="Tháng "&MONTH(AL251) -> Tháng 2 | AN251: Phường Hiệp Thành
A252: KHƯU HÁT | B252: Nam | C252: 25934 | D252: =DATEDIF(C252,TODAY(),"Y") -> 55 | E252: Không | F252: 158 | G252: 58 | H252: =G252/((F252/100)*(F252/100)) -> 23.233456 | I252: 66 | J252: 120 | K252: 80 | L252: =IF(B252="Nữ",0,2) -> 2 | M252: =IF(D252<45,0,IF(D252<=49,1,2)) -> 2 | N252: =IF(E252="Có",4,0) -> 0 | O252: =IF(H252<23,0,IF(H252<27.5,3,5)) -> 3 | P252: =IF(OR(AND(B252="Nam",I252>=90),AND(B252="Nữ",I252>=80)),2,0) -> 0 | Q252: =IF(OR(J252>=140,K252>=90),2,0) -> 0 | R252: =SUM(L252:Q252) -> 7 | AD252: x | AF252: =IF(COUNTIF(S252:Z252,"X")>=2,"Có","Không") -> Không | AG252: =IF(COUNTIF(AA252:AE252,"X")>=3,"Có","Không") -> Không | AH252: =IF((R252)>=6,"Có","Không") -> Có | AI252: =IF((R252)>=6,"Có","Không") -> Có | AJ252: =IF(OR(J252>=140,K252>=90),"Có","Không") -> Không | AK252: Phường Hiệp Thành, Tỉnh Cà Mau | AL252: 46081 | AM252: ="Tháng "&MONTH(AL252) -> Tháng 2 | AN252: Phường Hiệp Thành
... A279: CHUNG THỊ Y | B279: Nữ | C279: 21551 | D279: =DATEDIF(C279,TODAY(),"Y") -> 67 | E279: Không | F279: 158 | G279: 58 | H279: =G279/((F279/100)*(F279/100)) -> 23.233456 | I279: 65 | J279: 120 | K279: 80 | L279: =IF(B279="Nữ",0,2) -> 0 | M279: =IF(D279<45,0,IF(D279<=49,1,2)) -> 2 | N279: =IF(E279="Có",4,0) -> 0 | O279: =IF(H279<23,0,IF(H279<27.5,3,5)) -> 3 | P279: =IF(OR(AND(B279="Nam",I279>=90),AND(B279="Nữ",I279>=80)),2,0) -> 0 | Q279: =IF(OR(J279>=140,K279>=90),2,0) -> 0 | R279: =SUM(L279:Q279) -> 5 | AD279: x | AF279: =IF(COUNTIF(S279:Z279,"X")>=2,"Có","Không") -> Không | AG279: =IF(COUNTIF(AA279:AE279,"X")>=3,"Có","Không") -> Không | AH279: =IF((R279)>=6,"Có","Không") -> Không | AI279: =IF((R279)>=6,"Có","Không") -> Không | AJ279: =IF(OR(J279>=140,K279>=90),"Có","Không") -> Không | AK279: Phường Hiệp Thành, Tỉnh Cà Mau | AL279: 46081 | AM279: ="Tháng "&MONTH(AL279) -> Tháng 2 | AN279: Phường Hiệp Thành
A280: LÂM THANH XUNG | B280: Nam | C280: 23377 | D280: =DATEDIF(C280,TODAY(),"Y") -> 62 | E280: Không | F280: 162 | G280: 56 | H280: =G280/((F280/100)*(F280/100)) -> 21.338211 | I280: 85 | J280: 120 | L280: =IF(B280="Nữ",0,2) -> 2 | M280: =IF(D280<45,0,IF(D280<=49,1,2)) -> 2 | N280: =IF(E280="Có",4,0) -> 0 | O280: =IF(H280<23,0,IF(H280<27.5,3,5)) -> 0 | P280: =IF(OR(AND(B280="Nam",I280>=90),AND(B280="Nữ",I280>=80)),2,0) -> 0 | Q280: =IF(OR(J280>=140,K280>=90),2,0) -> 2 | R280: =SUM(L280:Q280) -> 6 | AD280: x | AF280: =IF(COUNTIF(S280:Z280,"X")>=2,"Có","Không") -> Không | AG280: =IF(COUNTIF(AA280:AE280,"X")>=3,"Có","Không") -> Không | AH280: =IF((R280)>=6,"Có","Không") -> Có | AI280: =IF((R280)>=6,"Có","Không") -> Có | AJ280: =IF(OR(J280>=140,K280>=90),"Có","Không") -> Có | AK280: Phường Hiệp Thành, Tỉnh Cà Mau | AL280: 46081 | AM280: ="Tháng "&MONTH(AL280) -> Tháng 2 | AN280: Phường Hiệp Thành
A281: SƠN HOÀNG SOẠN | B281: Nam | C281: 24838 | D281: =DATEDIF(C281,TODAY(),"Y") -> 58 | E281: Có | F281: 158 | G281: 58 | H281: =G281/((F281/100)*(F281/100)) -> 23.233456 | I281: 84 | J281: 120 | K281: 80 | L281: =IF(B281="Nữ",0,2) -> 2 | M281: =IF(D281<45,0,IF(D281<=49,1,2)) -> 2 | N281: =IF(E281="Có",4,0) -> 4 | O281: =IF(H281<23,0,IF(H281<27.5,3,5)) -> 3 | P281: =IF(OR(AND(B281="Nam",I281>=90),AND(B281="Nữ",I281>=80)),2,0) -> 0 | Q281: =IF(OR(J281>=140,K281>=90),2,0) -> 0 | R281: =SUM(L281:Q281) -> 11 | AD281: x | AF281: =IF(COUNTIF(S281:Z281,"X")>=2,"Có","Không") -> Không | AG281: =IF(COUNTIF(AA281:AE281,"X")>=3,"Có","Không") -> Không | AH281: =IF((R281)>=6,"Có","Không") -> Có | AI281: =IF((R281)>=6,"Có","Không") -> Có | AJ281: =IF(OR(J281>=140,K281>=90),"Có","Không") -> Không | AK281: Phường Hiệp Thành, Tỉnh Cà Mau | AL281: 46081 | AM281: ="Tháng "&MONTH(AL281) -> Tháng 2 | AN281: Phường Hiệp Thành
A282: LƯU TÀI KHẾN | B282: Nam | C282: 20090 | D282: =DATEDIF(C282,TODAY(),"Y") -> 71 | E282: Không | F282: 175 | G282: 80 | H282: =G282/((F282/100)*(F282/100)) -> 26.122449 | I282: 81 | J282: 150 | K282: 80 | L282: =IF(B282="Nữ",0,2) -> 2 | M282: =IF(D282<45,0,IF(D282<=49,1,2)) -> 2 | N282: =IF(E282="Có",4,0) -> 0 | O282: =IF(H282<23,0,IF(H282<27.5,3,5)) -> 3 | P282: =IF(OR(AND(B282="Nam",I282>=90),AND(B282="Nữ",I282>=80)),2,0) -> 0 | Q282: =IF(OR(J282>=140,K282>=90),2,0) -> 2 | R282: =SUM(L282:Q282) -> 9 | AD282: x | AF282: =IF(COUNTIF(S282:Z282,"X")>=2,"Có","Không") -> Không | AG282: =IF(COUNTIF(AA282:AE282,"X")>=3,"Có","Không") -> Không | AH282: =IF((R282)>=6,"Có","Không") -> Có | AI282: =IF((R282)>=6,"Có","Không") -> Có | AJ282: =IF(OR(J282>=140,K282>=90),"Có","Không") -> Có | AK282: Phường Hiệp Thành, Tỉnh Cà Mau | AL282: 46081 | AM282: ="Tháng "&MONTH(AL282) -> Tháng 2 | AN282: Phường Hiệp Thành
A283: THẠCH ĐÔNG | B283: Nam | C283: 25204 | D283: =DATEDIF(C283,TODAY(),"Y") -> 57 | E283: Không | F283: 147 | G283: 47 | H283: =G283/((F283/100)*(F283/100)) -> 21.750197 | I283: 76 | J283: 120 | K283: 80 | L283: =IF(B283="Nữ",0,2) -> 2 | M283: =IF(D283<45,0,IF(D283<=49,1,2)) -> 2 | N283: =IF(E283="Có",4,0) -> 0 | O283: =IF(H283<23,0,IF(H283<27.5,3,5)) -> 0 | P283: =IF(OR(AND(B283="Nam",I283>=90),AND(B283="Nữ",I283>=80)),2,0) -> 0 | Q283: =IF(OR(J283>=140,K283>=90),2,0) -> 0 | R283: =SUM(L283:Q283) -> 4 | AD283: x | AF283: =IF(COUNTIF(S283:Z283,"X")>=2,"Có","Không") -> Không | AG283: =IF(COUNTIF(AA283:AE283,"X")>=3,"Có","Không") -> Không | AH283: =IF((R283)>=6,"Có","Không") -> Không | AI283: =IF((R283)>=6,"Có","Không") -> Không | AJ283: =IF(OR(J283>=140,K283>=90),"Có","Không") -> Không | AK283: Phường Hiệp Thành, Tỉnh Cà Mau | AL283: 46081 | AM283: ="Tháng "&MONTH(AL283) -> Tháng 2 | AN283: Phường Hiệp Thành
A284: TRẦN VĂN MÓT | B284: Nam | C284: 19360 | D284: =DATEDIF(C284,TODAY(),"Y") -> 73 | E284: Có | F284: 169 | G284: 68 | H284: =G284/((F284/100)*(F284/100)) -> 23.80869 | I284: 86 | J284: 140 | K284: 80 | L284: =IF(B284="Nữ",0,2) -> 2 | M284: =IF(D284<45,0,IF(D284<=49,1,2)) -> 2 | N284: =IF(E284="Có",4,0) -> 4 | O284: =IF(H284<23,0,IF(H284<27.5,3,5)) -> 3 | P284: =IF(OR(AND(B284="Nam",I284>=90),AND(B284="Nữ",I284>=80)),2,0) -> 0 | Q284: =IF(OR(J284>=140,K284>=90),2,0) -> 2 | R284: =SUM(L284:Q284) -> 13 | AD284: x | AF284: =IF(COUNTIF(S284:Z284,"X")>=2,"Có","Không") -> Không | AG284: =IF(COUNTIF(AA284:AE284,"X")>=3,"Có","Không") -> Không | AH284: =IF((R284)>=6,"Có","Không") -> Có | AI284: =IF((R284)>=6,"Có","Không") -> Có | AJ284: =IF(OR(J284>=140,K284>=90),"Có","Không") -> Có | AK284: Phường Hiệp Thành, Tỉnh Cà Mau | AL284: 46081 | AM284: ="Tháng "&MONTH(AL284) -> Tháng 2 | AN284: Phường Hiệp Thành
A285: QUÁCH THỊ PHOL | B285: Nữ | C285: 21551 | D285: =DATEDIF(C285,TODAY(),"Y") -> 67 | E285: Không | F285: 160 | G285: 55 | H285: =G285/((F285/100)*(F285/100)) -> 21.484375 | I285: 68 | J285: 150 | K285: 80 | L285: =IF(B285="Nữ",0,2) -> 0 | M285: =IF(D285<45,0,IF(D285<=49,1,2)) -> 2 | N285: =IF(E285="Có",4,0) -> 0 | O285: =IF(H285<23,0,IF(H285<27.5,3,5)) -> 0 | P285: =IF(OR(AND(B285="Nam",I285>=90),AND(B285="Nữ",I285>=80)),2,0) -> 0 | Q285: =IF(OR(J285>=140,K285>=90),2,0) -> 2 | R285: =SUM(L285:Q285) -> 4 | AD285: x | AF285: =IF(COUNTIF(S285:Z285,"X")>=2,"Có","Không") -> Không | AG285: =IF(COUNTIF(AA285:AE285,"X")>=3,"Có","Không") -> Không | AH285: =IF((R285)>=6,"Có","Không") -> Không | AI285: =IF((R285)>=6,"Có","Không") -> Không | AJ285: =IF(OR(J285>=140,K285>=90),"Có","Không") -> Có | AK285: Phường Hiệp Thành, Tỉnh Cà Mau | AL285: 46081 | AM285: ="Tháng "&MONTH(AL285) -> Tháng 2 | AN285: Phường Hiệp Thành
A286: THẠCH THỊ HÔL | B286: Nữ | C286: 25934 | D286: =DATEDIF(C286,TODAY(),"Y") -> 55 | E286: Không | F286: 158 | G286: 58 | H286: =G286/((F286/100)*(F286/100)) -> 23.233456 | I286: 73 | J286: 120 | K286: 80 | L286: =IF(B286="Nữ",0,2) -> 0 | M286: =IF(D286<45,0,IF(D286<=49,1,2)) -> 2 | N286: =IF(E286="Có",4,0) -> 0 | O286: =IF(H286<23,0,IF(H286<27.5,3,5)) -> 3 | P286: =IF(OR(AND(B286="Nam",I286>=90),AND(B286="Nữ",I286>=80)),2,0) -> 0 | Q286: =IF(OR(J286>=140,K286>=90),2,0) -> 0 | R286: =SUM(L286:Q286) -> 5 | AD286: x | AF286: =IF(COUNTIF(S286:Z286,"X")>=2,"Có","Không") -> Không | AG286: =IF(COUNTIF(AA286:AE286,"X")>=3,"Có","Không") -> Không | AH286: =IF((R286)>=6,"Có","Không") -> Không | AI286: =IF((R286)>=6,"Có","Không") -> Không | AJ286: =IF(OR(J286>=140,K286>=90),"Có","Không") -> Không | AK286: Phường Hiệp Thành, Tỉnh Cà Mau | AL286: 46081 | AM286: ="Tháng "&MONTH(AL286) -> Tháng 2 | AN286: Phường Hiệp Thành
A287: LÝ KHA | B287: Nam | C287: 21551 | D287: =DATEDIF(C287,TODAY(),"Y") -> 67 | E287: Có | F287: 158 | G287: 58 | H287: =G287/((F287/100)*(F287/100)) -> 23.233456 | I287: 79 | J287: 150 | K287: 80 | L287: =IF(B287="Nữ",0,2) -> 2 | M287: =IF(D287<45,0,IF(D287<=49,1,2)) -> 2 | N287: =IF(E287="Có",4,0) -> 4 | O287: =IF(H287<23,0,IF(H287<27.5,3,5)) -> 3 | P287: =IF(OR(AND(B287="Nam",I287>=90),AND(B287="Nữ",I287>=80)),2,0) -> 0 | Q287: =IF(OR(J287>=140,K287>=90),2,0) -> 2 | R287: =SUM(L287:Q287) -> 13 | AD287: x | AF287: =IF(COUNTIF(S287:Z287,"X")>=2,"Có","Không") -> Không | AG287: =IF(COUNTIF(AA287:AE287,"X")>=3,"Có","Không") -> Không | AH287: =IF((R287)>=6,"Có","Không") -> Có | AI287: =IF((R287)>=6,"Có","Không") -> Có | AJ287: =IF(OR(J287>=140,K287>=90),"Có","Không") -> Có | AK287: Phường Hiệp Thành, Tỉnh Cà Mau | AL287: 46081 | AM287: ="Tháng "&MONTH(AL287) -> Tháng 2 | AN287: Phường Hiệp Thành
A288: NGUYỄN THỊ NĂM | B288: Nam | C288: 13150 | D288: =DATEDIF(C288,TODAY(),"Y") -> 90 | E288: Không | F288: 158 | G288: 58 | H288: =G288/((F288/100)*(F288/100)) -> 23.233456 | I288: 83 | J288: 120 | K288: 80 | L288: =IF(B288="Nữ",0,2) -> 2 | M288: =IF(D288<45,0,IF(D288<=49,1,2)) -> 2 | N288: =IF(E288="Có",4,0) -> 0 | O288: =IF(H288<23,0,IF(H288<27.5,3,5)) -> 3 | P288: =IF(OR(AND(B288="Nam",I288>=90),AND(B288="Nữ",I288>=80)),2,0) -> 0 | Q288: =IF(OR(J288>=140,K288>=90),2,0) -> 0 | R288: =SUM(L288:Q288) -> 7 | AD288: x | AF288: =IF(COUNTIF(S288:Z288,"X")>=2,"Có","Không") -> Không | AG288: =IF(COUNTIF(AA288:AE288,"X")>=3,"Có","Không") -> Không | AH288: =IF((R288)>=6,"Có","Không") -> Có | AI288: =IF((R288)>=6,"Có","Không") -> Có | AJ288: =IF(OR(J288>=140,K288>=90),"Có","Không") -> Không | AK288: Phường Hiệp Thành, Tỉnh Cà Mau | AL288: 46081 | AM288: ="Tháng "&MONTH(AL288) -> Tháng 2 | AN288: Phường Hiệp Thành
A289: TRẦN CHÍ QUANG | B289: Nam | C289: 18994 | D289: =DATEDIF(C289,TODAY(),"Y") -> 74 | E289: Không | F289: 169 | G289: 69 | H289: =G289/((F289/100)*(F289/100)) -> 24.158818 | I289: 80 | J289: 120 | K289: 80 | L289: =IF(B289="Nữ",0,2) -> 2 | M289: =IF(D289<45,0,IF(D289<=49,1,2)) -> 2 | N289: =IF(E289="Có",4,0) -> 0 | O289: =IF(H289<23,0,IF(H289<27.5,3,5)) -> 3 | P289: =IF(OR(AND(B289="Nam",I289>=90),AND(B289="Nữ",I289>=80)),2,0) -> 0 | Q289: =IF(OR(J289>=140,K289>=90),2,0) -> 0 | R289: =SUM(L289:Q289) -> 7 | AD289: x | AF289: =IF(COUNTIF(S289:Z289,"X")>=2,"Có","Không") -> Không | AG289: =IF(COUNTIF(AA289:AE289,"X")>=3,"Có","Không") -> Không | AH289: =IF((R289)>=6,"Có","Không") -> Có | AI289: =IF((R289)>=6,"Có","Không") -> Có | AJ289: =IF(OR(J289>=140,K289>=90),"Có","Không") -> Không | AK289: Phường Hiệp Thành, Tỉnh Cà Mau | AL289: 46081 | AM289: ="Tháng "&MONTH(AL289) -> Tháng 2 | AN289: Phường Hiệp Thành
A290: LÂM VĂN VĨNH | B290: Nam | C290: 15707 | D290: =DATEDIF(C290,TODAY(),"Y") -> 83 | E290: Không | F290: 167 | G290: 70 | H290: =G290/((F290/100)*(F290/100)) -> 25.099502 | I290: 86 | J290: 140 | K290: 80 | L290: =IF(B290="Nữ",0,2) -> 2 | M290: =IF(D290<45,0,IF(D290<=49,1,2)) -> 2 | N290: =IF(E290="Có",4,0) -> 0 | O290: =IF(H290<23,0,IF(H290<27.5,3,5)) -> 3 | P290: =IF(OR(AND(B290="Nam",I290>=90),AND(B290="Nữ",I290>=80)),2,0) -> 0 | Q290: =IF(OR(J290>=140,K290>=90),2,0) -> 2 | R290: =SUM(L290:Q290) -> 9 | AD290: x | AF290: =IF(COUNTIF(S290:Z290,"X")>=2,"Có","Không") -> Không | AG290: =IF(COUNTIF(AA290:AE290,"X")>=3,"Có","Không") -> Không | AH290: =IF((R290)>=6,"Có","Không") -> Có | AI290: =IF((R290)>=6,"Có","Không") -> Có | AJ290: =IF(OR(J290>=140,K290>=90),"Có","Không") -> Có | AK290: Phường Hiệp Thành, Tỉnh Cà Mau | AL290: 46081 | AM290: ="Tháng "&MONTH(AL290) -> Tháng 2 | AN290: Phường Hiệp Thành
A291: HUỲNH CHANH ĐA RA | B291: Nữ | C291: 23377 | D291: =DATEDIF(C291,TODAY(),"Y") -> 62 | E291: Không | F291: 158 | G291: 58 | H291: =G291/((F291/100)*(F291/100)) -> 23.233456 | I291: 65 | J291: 120 | K291: 70 | L291: =IF(B291="Nữ",0,2) -> 0 | M291: =IF(D291<45,0,IF(D291<=49,1,2)) -> 2 | N291: =IF(E291="Có",4,0) -> 0 | O291: =IF(H291<23,0,IF(H291<27.5,3,5)) -> 3 | P291: =IF(OR(AND(B291="Nam",I291>=90),AND(B291="Nữ",I291>=80)),2,0) -> 0 | Q291: =IF(OR(J291>=140,K291>=90),2,0) -> 0 | R291: =SUM(L291:Q291) -> 5 | AD291: x | AF291: =IF(COUNTIF(S291:Z291,"X")>=2,"Có","Không") -> Không | AG291: =IF(COUNTIF(AA291:AE291,"X")>=3,"Có","Không") -> Không | AH291: =IF((R291)>=6,"Có","Không") -> Không | AI291: =IF((R291)>=6,"Có","Không") -> Không | AJ291: =IF(OR(J291>=140,K291>=90),"Có","Không") -> Không | AK291: Phường Hiệp Thành, Tỉnh Cà Mau | AL291: 46081 | AM291: ="Tháng "&MONTH(AL291) -> Tháng 2 | AN291: Phường Hiệp Thành
A292: LÂM CHƯƠNG | B292: Nam | C292: 20455 | D292: =DATEDIF(C292,TODAY(),"Y") -> 70 | E292: Không | F292: 158 | G292: 54 | H292: =G292/((F292/100)*(F292/100)) -> 21.631149 | I292: 72 | J292: 130 | K292: 80 | L292: =IF(B292="Nữ",0,2) -> 2 | M292: =IF(D292<45,0,IF(D292<=49,1,2)) -> 2 | N292: =IF(E292="Có",4,0) -> 0 | O292: =IF(H292<23,0,IF(H292<27.5,3,5)) -> 0 | P292: =IF(OR(AND(B292="Nam",I292>=90),AND(B292="Nữ",I292>=80)),2,0) -> 0 | Q292: =IF(OR(J292>=140,K292>=90),2,0) -> 0 | R292: =SUM(L292:Q292) -> 4 | AD292: x | AF292: =IF(COUNTIF(S292:Z292,"X")>=2,"Có","Không") -> Không | AG292: =IF(COUNTIF(AA292:AE292,"X")>=3,"Có","Không") -> Không | AH292: =IF((R292)>=6,"Có","Không") -> Không | AI292: =IF((R292)>=6,"Có","Không") -> Không | AJ292: =IF(OR(J292>=140,K292>=90),"Có","Không") -> Không | AK292: Phường Hiệp Thành, Tỉnh Cà Mau | AL292: 46081 | AM292: ="Tháng "&MONTH(AL292) -> Tháng 2 | AN292: Phường Hiệp Thành
... A353: PHẠM THỊ YẾN | B353: Nữ | C353: 23377 | D353: =DATEDIF(C353,TODAY(),"Y") -> 62 | E353: Có | F353: 169 | G353: 68 | H353: =G353/((F353/100)*(F353/100)) -> 23.80869 | I353: 99 | J353: 130 | K353: 80 | L353: =IF(B353="Nữ",0,2) -> 0 | M353: =IF(D353<45,0,IF(D353<=49,1,2)) -> 2 | N353: =IF(E353="Có",4,0) -> 4 | O353: =IF(H353<23,0,IF(H353<27.5,3,5)) -> 3 | P353: =IF(OR(AND(B353="Nam",I353>=90),AND(B353="Nữ",I353>=80)),2,0) -> 2 | Q353: =IF(OR(J353>=140,K353>=90),2,0) -> 0 | R353: =SUM(L353:Q353) -> 11 | AD353: x | AF353: =IF(COUNTIF(S353:Z353,"X")>=2,"Có","Không") -> Không | AG353: =IF(COUNTIF(AA353:AE353,"X")>=3,"Có","Không") -> Không | AH353: =IF((R353)>=6,"Có","Không") -> Có | AI353: =IF((R353)>=6,"Có","Không") -> Có | AJ353: =IF(OR(J353>=140,K353>=90),"Có","Không") -> Không | AK353: Phường Hiệp Thành, Tỉnh Cà Mau | AL353: 46081 | AM353: ="Tháng "&MONTH(AL353) -> Tháng 2 | AN353: Phường Hiệp Thành
A354: THACH CƯƠNG | B354: Nam | C354: 01/01/1957 | D354: =DATEDIF(C354,TODAY(),"Y") -> 69 | E354: Không | F354: 166 | G354: 58 | H354: =G354/((F354/100)*(F354/100)) -> 21.048048 | I354: 89 | J354: 120 | K354: 80 | L354: =IF(B354="Nữ",0,2) -> 2 | M354: =IF(D354<45,0,IF(D354<=49,1,2)) -> 2 | N354: =IF(E354="Có",4,0) -> 0 | O354: =IF(H354<23,0,IF(H354<27.5,3,5)) -> 0 | P354: =IF(OR(AND(B354="Nam",I354>=90),AND(B354="Nữ",I354>=80)),2,0) -> 0 | Q354: =IF(OR(J354>=140,K354>=90),2,0) -> 0 | R354: =SUM(L354:Q354) -> 4 | AD354: x | AF354: =IF(COUNTIF(S354:Z354,"X")>=2,"Có","Không") -> Không | AG354: =IF(COUNTIF(AA354:AE354,"X")>=3,"Có","Không") -> Không | AH354: =IF((R354)>=6,"Có","Không") -> Không | AI354: =IF((R354)>=6,"Có","Không") -> Không | AJ354: =IF(OR(J354>=140,K354>=90),"Có","Không") -> Không | AK354: ấp Biển tây B, Phường Hiệp Thành, Tỉnh Cà Mau | AL354: 09/03/2026 | AM354: ="Tháng "&MONTH(AL354) -> Tháng 3 | AN354: =LEFT(AK354,FIND(",",AK354)-1) -> ấp Biển tây B
A355: TRẦN THỊ A | B355: Nữ | C355: 01/01/1961 | D355: =DATEDIF(C355,TODAY(),"Y") -> 65 | E355: Không | F355: 165 | G355: 66 | H355: =G355/((F355/100)*(F355/100)) -> 24.242424 | I355: 75 | J355: 140 | K355: 80 | L355: =IF(B355="Nữ",0,2) -> 0 | M355: =IF(D355<45,0,IF(D355<=49,1,2)) -> 2 | N355: =IF(E355="Có",4,0) -> 0 | O355: =IF(H355<23,0,IF(H355<27.5,3,5)) -> 3 | P355: =IF(OR(AND(B355="Nam",I355>=90),AND(B355="Nữ",I355>=80)),2,0) -> 0 | Q355: =IF(OR(J355>=140,K355>=90),2,0) -> 2 | R355: =SUM(L355:Q355) -> 7 | AD355: x | AF355: =IF(COUNTIF(S355:Z355,"X")>=2,"Có","Không") -> Không | AG355: =IF(COUNTIF(AA355:AE355,"X")>=3,"Có","Không") -> Không | AH355: =IF((R355)>=6,"Có","Không") -> Có | AI355: =IF((R355)>=6,"Có","Không") -> Có | AJ355: =IF(OR(J355>=140,K355>=90),"Có","Không") -> Có | AK355: Giồng Giữa, Phường Hiệp Thành, Tỉnh Cà Mau | AL355: 46112 | AM355: ="Tháng "&MONTH(AL355) -> Tháng 3 | AN355: =LEFT(AK355,FIND(",",AK355)-1) -> Giồng Giữa
A356: HUỲNH NGỌC QUẤN | B356: Nam | C356: 01/01/1970 | D356: =DATEDIF(C356,TODAY(),"Y") -> 56 | E356: Có | F356: 169 | G356: 68 | H356: =G356/((F356/100)*(F356/100)) -> 23.80869 | I356: 88 | J356: 130 | K356: 80 | L356: =IF(B356="Nữ",0,2) -> 2 | M356: =IF(D356<45,0,IF(D356<=49,1,2)) -> 2 | N356: =IF(E356="Có",4,0) -> 4 | O356: =IF(H356<23,0,IF(H356<27.5,3,5)) -> 3 | P356: =IF(OR(AND(B356="Nam",I356>=90),AND(B356="Nữ",I356>=80)),2,0) -> 0 | Q356: =IF(OR(J356>=140,K356>=90),2,0) -> 0 | R356: =SUM(L356:Q356) -> 11 | AD356: x | AF356: =IF(COUNTIF(S356:Z356,"X")>=2,"Có","Không") -> Không | AG356: =IF(COUNTIF(AA356:AE356,"X")>=3,"Có","Không") -> Không | AH356: =IF((R356)>=6,"Có","Không") -> Có | AI356: =IF((R356)>=6,"Có","Không") -> Có | AJ356: =IF(OR(J356>=140,K356>=90),"Có","Không") -> Không | AK356: Phường Hiệp Thành, Tỉnh Cà Mau | AL356: 46112 | AM356: ="Tháng "&MONTH(AL356) -> Tháng 3 | AN356: =LEFT(AK356,FIND(",",AK356)-1) -> Phường Hiệp Thành
A357: HUỲNH KIM CÚC | B357: Nữ | C357: 01/01/1964 | D357: =DATEDIF(C357,TODAY(),"Y") -> 62 | E357: Không | F357: 155 | G357: 59.5 | H357: =G357/((F357/100)*(F357/100)) -> 24.765869 | I357: 65 | J357: 120 | K357: 70 | L357: =IF(B357="Nữ",0,2) -> 0 | M357: =IF(D357<45,0,IF(D357<=49,1,2)) -> 2 | N357: =IF(E357="Có",4,0) -> 0 | O357: =IF(H357<23,0,IF(H357<27.5,3,5)) -> 3 | P357: =IF(OR(AND(B357="Nam",I357>=90),AND(B357="Nữ",I357>=80)),2,0) -> 0 | Q357: =IF(OR(J357>=140,K357>=90),2,0) -> 0 | R357: =SUM(L357:Q357) -> 5 | AD357: x | AF357: =IF(COUNTIF(S357:Z357,"X")>=2,"Có","Không") -> Không | AG357: =IF(COUNTIF(AA357:AE357,"X")>=3,"Có","Không") -> Không | AH357: =IF((R357)>=6,"Có","Không") -> Không | AI357: =IF((R357)>=6,"Có","Không") -> Không | AJ357: =IF(OR(J357>=140,K357>=90),"Có","Không") -> Không | AK357: Ấp 14, Phường Láng Tròn, Tỉnh Cà Mau | AL357: 46112 | AM357: ="Tháng "&MONTH(AL357) -> Tháng 3 | AN357: =LEFT(AK357,FIND(",",AK357)-1) -> Ấp 14
A358: ĐẶNG VĂN DỮNG | B358: Nam | C358: 01/01/1948 | D358: =DATEDIF(C358,TODAY(),"Y") -> 78 | E358: Không | F358: 170 | G358: 50 | H358: =G358/((F358/100)*(F358/100)) -> 17.301038 | I358: 96 | J358: 130 | K358: 80 | L358: =IF(B358="Nữ",0,2) -> 2 | M358: =IF(D358<45,0,IF(D358<=49,1,2)) -> 2 | N358: =IF(E358="Có",4,0) -> 0 | O358: =IF(H358<23,0,IF(H358<27.5,3,5)) -> 0 | P358: =IF(OR(AND(B358="Nam",I358>=90),AND(B358="Nữ",I358>=80)),2,0) -> 2 | Q358: =IF(OR(J358>=140,K358>=90),2,0) -> 0 | R358: =SUM(L358:Q358) -> 6 | AD358: x | AF358: =IF(COUNTIF(S358:Z358,"X")>=2,"Có","Không") -> Không | AG358: =IF(COUNTIF(AA358:AE358,"X")>=3,"Có","Không") -> Không | AH358: =IF((R358)>=6,"Có","Không") -> Có | AI358: =IF((R358)>=6,"Có","Không") -> Có | AJ358: =IF(OR(J358>=140,K358>=90),"Có","Không") -> Không | AK358: Giồng Nhãn, Phường Hiệp Thành, Tỉnh Cà Mau | AL358: 46112 | AM358: ="Tháng "&MONTH(AL358) -> Tháng 3 | AN358: =LEFT(AK358,FIND(",",AK358)-1) -> Giồng Nhãn
A359: NGUYỄN VĂN THỨC | B359: Nam | C359: 01/01/1954 | D359: =DATEDIF(C359,TODAY(),"Y") -> 72 | E359: Không | F359: 155 | G359: 64 | H359: =G359/((F359/100)*(F359/100)) -> 26.638918 | I359: 97 | J359: 120 | K359: 80 | L359: =IF(B359="Nữ",0,2) -> 2 | M359: =IF(D359<45,0,IF(D359<=49,1,2)) -> 2 | N359: =IF(E359="Có",4,0) -> 0 | O359: =IF(H359<23,0,IF(H359<27.5,3,5)) -> 3 | P359: =IF(OR(AND(B359="Nam",I359>=90),AND(B359="Nữ",I359>=80)),2,0) -> 2 | Q359: =IF(OR(J359>=140,K359>=90),2,0) -> 0 | R359: =SUM(L359:Q359) -> 9 | AD359: x | AF359: =IF(COUNTIF(S359:Z359,"X")>=2,"Có","Không") -> Không | AG359: =IF(COUNTIF(AA359:AE359,"X")>=3,"Có","Không") -> Không | AH359: =IF((R359)>=6,"Có","Không") -> Có | AI359: =IF((R359)>=6,"Có","Không") -> Có | AJ359: =IF(OR(J359>=140,K359>=90),"Có","Không") -> Không | AK359: Khóm Bờ Tây, Phường Hiệp Thành, Tỉnh Cà Mau | AL359: 46112 | AM359: ="Tháng "&MONTH(AL359) -> Tháng 3 | AN359: =LEFT(AK359,FIND(",",AK359)-1) -> Khóm Bờ Tây
A360: HUỲNH KHI | B360: Nam | C360: 01/01/1957 | D360: =DATEDIF(C360,TODAY(),"Y") -> 69 | E360: Không | F360: 169 | G360: 68 | H360: =G360/((F360/100)*(F360/100)) -> 23.80869 | I360: 75 | J360: 160 | K360: 80 | L360: =IF(B360="Nữ",0,2) -> 2 | M360: =IF(D360<45,0,IF(D360<=49,1,2)) -> 2 | N360: =IF(E360="Có",4,0) -> 0 | O360: =IF(H360<23,0,IF(H360<27.5,3,5)) -> 3 | P360: =IF(OR(AND(B360="Nam",I360>=90),AND(B360="Nữ",I360>=80)),2,0) -> 0 | Q360: =IF(OR(J360>=140,K360>=90),2,0) -> 2 | R360: =SUM(L360:Q360) -> 9 | AD360: x | AF360: =IF(COUNTIF(S360:Z360,"X")>=2,"Có","Không") -> Không | AG360: =IF(COUNTIF(AA360:AE360,"X")>=3,"Có","Không") -> Không | AH360: =IF((R360)>=6,"Có","Không") -> Có | AI360: =IF((R360)>=6,"Có","Không") -> Có | AJ360: =IF(OR(J360>=140,K360>=90),"Có","Không") -> Có | AK360: Ấp Biển Tây B, Phường Hiệp Thành, Tỉnh Cà Mau | AL360: 46112 | AM360: ="Tháng "&MONTH(AL360) -> Tháng 3 | AN360: =LEFT(AK360,FIND(",",AK360)-1) -> Ấp Biển Tây B
A361: ĐÀO MỘNG THU | B361: Nữ | C361: 01/01/1969 | D361: =DATEDIF(C361,TODAY(),"Y") -> 57 | E361: Có | F361: 158 | G361: 58 | H361: =G361/((F361/100)*(F361/100)) -> 23.233456 | I361: 82 | J361: 140 | K361: 80 | L361: =IF(B361="Nữ",0,2) -> 0 | M361: =IF(D361<45,0,IF(D361<=49,1,2)) -> 2 | N361: =IF(E361="Có",4,0) -> 4 | O361: =IF(H361<23,0,IF(H361<27.5,3,5)) -> 3 | P361: =IF(OR(AND(B361="Nam",I361>=90),AND(B361="Nữ",I361>=80)),2,0) -> 2 | Q361: =IF(OR(J361>=140,K361>=90),2,0) -> 2 | R361: =SUM(L361:Q361) -> 13 | AD361: x | AF361: =IF(COUNTIF(S361:Z361,"X")>=2,"Có","Không") -> Không | AG361: =IF(COUNTIF(AA361:AE361,"X")>=3,"Có","Không") -> Không | AH361: =IF((R361)>=6,"Có","Không") -> Có | AI361: =IF((R361)>=6,"Có","Không") -> Có | AJ361: =IF(OR(J361>=140,K361>=90),"Có","Không") -> Có | AK361: Ấp Biển Đông B, Phường Hiệp Thành, Tỉnh Cà Mau | AL361: 46112 | AM361: ="Tháng "&MONTH(AL361) -> Tháng 3 | AN361: =LEFT(AK361,FIND(",",AK361)-1) -> Ấp Biển Đông B
A362: HUỲNH THANH BÌNH | B362: Nam | C362: 01/01/1960 | D362: =DATEDIF(C362,TODAY(),"Y") -> 66 | E362: Có | F362: 165 | G362: 57 | H362: =G362/((F362/100)*(F362/100)) -> 20.936639 | I362: 89 | J362: 120 | K362: 80 | L362: =IF(B362="Nữ",0,2) -> 2 | M362: =IF(D362<45,0,IF(D362<=49,1,2)) -> 2 | N362: =IF(E362="Có",4,0) -> 4 | O362: =IF(H362<23,0,IF(H362<27.5,3,5)) -> 0 | P362: =IF(OR(AND(B362="Nam",I362>=90),AND(B362="Nữ",I362>=80)),2,0) -> 0 | Q362: =IF(OR(J362>=140,K362>=90),2,0) -> 0 | R362: =SUM(L362:Q362) -> 8 | AD362: x | AF362: =IF(COUNTIF(S362:Z362,"X")>=2,"Có","Không") -> Không | AG362: =IF(COUNTIF(AA362:AE362,"X")>=3,"Có","Không") -> Không | AH362: =IF((R362)>=6,"Có","Không") -> Có | AI362: =IF((R362)>=6,"Có","Không") -> Có | AJ362: =IF(OR(J362>=140,K362>=90),"Có","Không") -> Không | AK362: ấp Nhà Lầu 2, Xã Ninh Thạnh Lợi, Tỉnh Cà Mau | AL362: 46112 | AM362: ="Tháng "&MONTH(AL362) -> Tháng 3 | AN362: =LEFT(AK362,FIND(",",AK362)-1) -> ấp Nhà Lầu 2
A363: CHÂU THỊ LOAN | B363: Nữ | C363: 01/01/1978 | D363: =DATEDIF(C363,TODAY(),"Y") -> 48 | E363: Không | F363: 158 | G363: 58 | H363: =G363/((F363/100)*(F363/100)) -> 23.233456 | I363: 76 | J363: 120 | K363: 80 | L363: =IF(B363="Nữ",0,2) -> 0 | M363: =IF(D363<45,0,IF(D363<=49,1,2)) -> 1 | N363: =IF(E363="Có",4,0) -> 0 | O363: =IF(H363<23,0,IF(H363<27.5,3,5)) -> 3 | P363: =IF(OR(AND(B363="Nam",I363>=90),AND(B363="Nữ",I363>=80)),2,0) -> 0 | Q363: =IF(OR(J363>=140,K363>=90),2,0) -> 0 | R363: =SUM(L363:Q363) -> 4 | AD363: x | AF363: =IF(COUNTIF(S363:Z363,"X")>=2,"Có","Không") -> Không | AG363: =IF(COUNTIF(AA363:AE363,"X")>=3,"Có","Không") -> Không | AH363: =IF((R363)>=6,"Có","Không") -> Không | AI363: =IF((R363)>=6,"Có","Không") -> Không | AJ363: =IF(OR(J363>=140,K363>=90),"Có","Không") -> Không | AK363: Ấp Giồng Giữa B, xã Vĩnh Trạch Đông, thành phố Bạc Liêu, tỉnh Bạc Liêu, Phường Hiệp Thành, Tỉnh Cà Mau | AL363: 46112 | AM363: ="Tháng "&MONTH(AL363) -> Tháng 3 | AN363: =LEFT(AK363,FIND(",",AK363)-1) -> Ấp Giồng Giữa B
A364: THẠCH SỐCH | B364: Nam | C364: 01/01/1931 | D364: =DATEDIF(C364,TODAY(),"Y") -> 95 | E364: Có | F364: 169 | G364: 58 | H364: =G364/((F364/100)*(F364/100)) -> 20.307412 | I364: 87 | J364: 120 | K364: 80 | L364: =IF(B364="Nữ",0,2) -> 2 | M364: =IF(D364<45,0,IF(D364<=49,1,2)) -> 2 | N364: =IF(E364="Có",4,0) -> 4 | O364: =IF(H364<23,0,IF(H364<27.5,3,5)) -> 0 | P364: =IF(OR(AND(B364="Nam",I364>=90),AND(B364="Nữ",I364>=80)),2,0) -> 0 | Q364: =IF(OR(J364>=140,K364>=90),2,0) -> 0 | R364: =SUM(L364:Q364) -> 8 | AD364: x | AF364: =IF(COUNTIF(S364:Z364,"X")>=2,"Có","Không") -> Không | AG364: =IF(COUNTIF(AA364:AE364,"X")>=3,"Có","Không") -> Không | AH364: =IF((R364)>=6,"Có","Không") -> Có | AI364: =IF((R364)>=6,"Có","Không") -> Có | AJ364: =IF(OR(J364>=140,K364>=90),"Có","Không") -> Không | AK364: Hòa Hiệp, Xã Lai Hòa, Thành phố Cần Thơ | AL364: 46112 | AM364: ="Tháng "&MONTH(AL364) -> Tháng 3 | AN364: =LEFT(AK364,FIND(",",AK364)-1) -> Hòa Hiệp
A365: SƠN QUÔNG | B365: Nam | C365: 01/01/1978 | D365: =DATEDIF(C365,TODAY(),"Y") -> 48 | E365: Không | F365: 158 | G365: 58 | H365: =G365/((F365/100)*(F365/100)) -> 23.233456 | I365: 79 | J365: 140 | K365: 80 | L365: =IF(B365="Nữ",0,2) -> 2 | M365: =IF(D365<45,0,IF(D365<=49,1,2)) -> 1 | N365: =IF(E365="Có",4,0) -> 0 | O365: =IF(H365<23,0,IF(H365<27.5,3,5)) -> 3 | P365: =IF(OR(AND(B365="Nam",I365>=90),AND(B365="Nữ",I365>=80)),2,0) -> 0 | Q365: =IF(OR(J365>=140,K365>=90),2,0) -> 2 | R365: =SUM(L365:Q365) -> 8 | AD365: x | AF365: =IF(COUNTIF(S365:Z365,"X")>=2,"Có","Không") -> Không | AG365: =IF(COUNTIF(AA365:AE365,"X")>=3,"Có","Không") -> Không | AH365: =IF((R365)>=6,"Có","Không") -> Có | AI365: =IF((R365)>=6,"Có","Không") -> Có | AJ365: =IF(OR(J365>=140,K365>=90),"Có","Không") -> Có | AK365: Ấp Biển Đông A, Phường Hiệp Thành, Tỉnh Cà Mau | AL365: 46112 | AM365: ="Tháng "&MONTH(AL365) -> Tháng 3 | AN365: =LEFT(AK365,FIND(",",AK365)-1) -> Ấp Biển Đông A
A366: LÊ THỊ HUỆ | B366: Nữ | C366: 01/01/1950 | D366: =DATEDIF(C366,TODAY(),"Y") -> 76 | E366: Không | F366: 158 | G366: 58 | H366: =G366/((F366/100)*(F366/100)) -> 23.233456 | I366: 72 | J366: 120 | K366: 80 | L366: =IF(B366="Nữ",0,2) -> 0 | M366: =IF(D366<45,0,IF(D366<=49,1,2)) -> 2 | N366: =IF(E366="Có",4,0) -> 0 | O366: =IF(H366<23,0,IF(H366<27.5,3,5)) -> 3 | P366: =IF(OR(AND(B366="Nam",I366>=90),AND(B366="Nữ",I366>=80)),2,0) -> 0 | Q366: =IF(OR(J366>=140,K366>=90),2,0) -> 0 | R366: =SUM(L366:Q366) -> 5 | AD366: x | AF366: =IF(COUNTIF(S366:Z366,"X")>=2,"Có","Không") -> Không | AG366: =IF(COUNTIF(AA366:AE366,"X")>=3,"Có","Không") -> Không | AH366: =IF((R366)>=6,"Có","Không") -> Không | AI366: =IF((R366)>=6,"Có","Không") -> Không | AJ366: =IF(OR(J366>=140,K366>=90),"Có","Không") -> Không | AK366: Ấp Biển Tây B, Phường Hiệp Thành, Tỉnh Cà Mau | AL366: 46112 | AM366: ="Tháng "&MONTH(AL366) -> Tháng 3 | AN366: =LEFT(AK366,FIND(",",AK366)-1) -> Ấp Biển Tây B
... A388: DANH XIN | B388: Nam | C388: 01/01/1955 | D388: =DATEDIF(C388,TODAY(),"Y") -> 71 | E388: Có | F388: 169 | G388: 68 | H388: =G388/((F388/100)*(F388/100)) -> 23.80869 | I388: 84 | J388: 120 | K388: 80 | L388: =IF(B388="Nữ",0,2) -> 2 | M388: =IF(D388<45,0,IF(D388<=49,1,2)) -> 2 | N388: =IF(E388="Có",4,0) -> 4 | O388: =IF(H388<23,0,IF(H388<27.5,3,5)) -> 3 | P388: =IF(OR(AND(B388="Nam",I388>=90),AND(B388="Nữ",I388>=80)),2,0) -> 0 | Q388: =IF(OR(J388>=140,K388>=90),2,0) -> 0 | R388: =SUM(L388:Q388) -> 11 | AD388: x | AF388: =IF(COUNTIF(S388:Z388,"X")>=2,"Có","Không") -> Không | AG388: =IF(COUNTIF(AA388:AE388,"X")>=3,"Có","Không") -> Không | AH388: =IF((R388)>=6,"Có","Không") -> Có | AI388: =IF((R388)>=6,"Có","Không") -> Có | AJ388: =IF(OR(J388>=140,K388>=90),"Có","Không") -> Không | AK388: Phường Hiệp Thành, Tỉnh Cà Mau | AL388: 46112 | AM388: ="Tháng "&MONTH(AL388) -> Tháng 3 | AN388: =LEFT(AK388,FIND(",",AK388)-1) -> Phường Hiệp Thành
A389: THẠCH THỊ BẢY | B389: Nữ | C389: 01/01/1969 | D389: =DATEDIF(C389,TODAY(),"Y") -> 57 | E389: Không | F389: 158 | G389: 58 | H389: =G389/((F389/100)*(F389/100)) -> 23.233456 | I389: 73 | J389: 120 | L389: =IF(B389="Nữ",0,2) -> 0 | M389: =IF(D389<45,0,IF(D389<=49,1,2)) -> 2 | N389: =IF(E389="Có",4,0) -> 0 | O389: =IF(H389<23,0,IF(H389<27.5,3,5)) -> 3 | P389: =IF(OR(AND(B389="Nam",I389>=90),AND(B389="Nữ",I389>=80)),2,0) -> 0 | Q389: =IF(OR(J389>=140,K389>=90),2,0) -> 2 | R389: =SUM(L389:Q389) -> 7 | AD389: x | AF389: =IF(COUNTIF(S389:Z389,"X")>=2,"Có","Không") -> Không | AG389: =IF(COUNTIF(AA389:AE389,"X")>=3,"Có","Không") -> Không | AH389: =IF((R389)>=6,"Có","Không") -> Có | AI389: =IF((R389)>=6,"Có","Không") -> Có | AJ389: =IF(OR(J389>=140,K389>=90),"Có","Không") -> Có | AK389: Ấp Biển Tây B, Phường Hiệp Thành, Tỉnh Cà Mau | AL389: 46112 | AM389: ="Tháng "&MONTH(AL389) -> Tháng 3 | AN389: =LEFT(AK389,FIND(",",AK389)-1) -> Ấp Biển Tây B
A390: HUỲNH THỊ SA VÊNH | B390: Nữ | C390: 01/01/1955 | D390: =DATEDIF(C390,TODAY(),"Y") -> 71 | E390: Không | F390: 158 | G390: 58 | H390: =G390/((F390/100)*(F390/100)) -> 23.233456 | I390: 78 | J390: 120 | K390: 80 | L390: =IF(B390="Nữ",0,2) -> 0 | M390: =IF(D390<45,0,IF(D390<=49,1,2)) -> 2 | N390: =IF(E390="Có",4,0) -> 0 | O390: =IF(H390<23,0,IF(H390<27.5,3,5)) -> 3 | P390: =IF(OR(AND(B390="Nam",I390>=90),AND(B390="Nữ",I390>=80)),2,0) -> 0 | Q390: =IF(OR(J390>=140,K390>=90),2,0) -> 0 | R390: =SUM(L390:Q390) -> 5 | AD390: x | AF390: =IF(COUNTIF(S390:Z390,"X")>=2,"Có","Không") -> Không | AG390: =IF(COUNTIF(AA390:AE390,"X")>=3,"Có","Không") -> Không | AH390: =IF((R390)>=6,"Có","Không") -> Không | AI390: =IF((R390)>=6,"Có","Không") -> Không | AJ390: =IF(OR(J390>=140,K390>=90),"Có","Không") -> Không | AK390: ấp Biển Đông A, Xã Vĩnh Trạch Đông, Thành phố Bạc Liêu, Tỉnh Bạc Liêu | AL390: 46112 | AM390: ="Tháng "&MONTH(AL390) -> Tháng 3 | AN390: =LEFT(AK390,FIND(",",AK390)-1) -> ấp Biển Đông A
A391: LÂM THỊ SEN | B391: Nữ | C391: 01/01/1966 | D391: =DATEDIF(C391,TODAY(),"Y") -> 60 | E391: Không | F391: 158 | G391: 58 | H391: =G391/((F391/100)*(F391/100)) -> 23.233456 | I391: 77 | J391: 120 | K391: 80 | L391: =IF(B391="Nữ",0,2) -> 0 | M391: =IF(D391<45,0,IF(D391<=49,1,2)) -> 2 | N391: =IF(E391="Có",4,0) -> 0 | O391: =IF(H391<23,0,IF(H391<27.5,3,5)) -> 3 | P391: =IF(OR(AND(B391="Nam",I391>=90),AND(B391="Nữ",I391>=80)),2,0) -> 0 | Q391: =IF(OR(J391>=140,K391>=90),2,0) -> 0 | R391: =SUM(L391:Q391) -> 5 | AD391: x | AF391: =IF(COUNTIF(S391:Z391,"X")>=2,"Có","Không") -> Không | AG391: =IF(COUNTIF(AA391:AE391,"X")>=3,"Có","Không") -> Không | AH391: =IF((R391)>=6,"Có","Không") -> Không | AI391: =IF((R391)>=6,"Có","Không") -> Không | AJ391: =IF(OR(J391>=140,K391>=90),"Có","Không") -> Không | AK391: Ấp Biển Đông B, Phường Hiệp Thành, Tỉnh Cà Mau | AL391: 46112 | AM391: ="Tháng "&MONTH(AL391) -> Tháng 3 | AN391: =LEFT(AK391,FIND(",",AK391)-1) -> Ấp Biển Đông B
A392: NGÔ HUỆ PHƯƠNG | B392: Nữ | C392: 01/01/1966 | D392: =DATEDIF(C392,TODAY(),"Y") -> 60 | E392: Không | F392: 158 | G392: 58 | H392: =G392/((F392/100)*(F392/100)) -> 23.233456 | I392: 74 | J392: 120 | K392: 80 | L392: =IF(B392="Nữ",0,2) -> 0 | M392: =IF(D392<45,0,IF(D392<=49,1,2)) -> 2 | N392: =IF(E392="Có",4,0) -> 0 | O392: =IF(H392<23,0,IF(H392<27.5,3,5)) -> 3 | P392: =IF(OR(AND(B392="Nam",I392>=90),AND(B392="Nữ",I392>=80)),2,0) -> 0 | Q392: =IF(OR(J392>=140,K392>=90),2,0) -> 0 | R392: =SUM(L392:Q392) -> 5 | AD392: x | AF392: =IF(COUNTIF(S392:Z392,"X")>=2,"Có","Không") -> Không | AG392: =IF(COUNTIF(AA392:AE392,"X")>=3,"Có","Không") -> Không | AH392: =IF((R392)>=6,"Có","Không") -> Không | AI392: =IF((R392)>=6,"Có","Không") -> Không | AJ392: =IF(OR(J392>=140,K392>=90),"Có","Không") -> Không | AK392: Ấp Giồng Giữa B, Phường Hiệp Thành, Tỉnh Cà Mau | AL392: 46112 | AM392: ="Tháng "&MONTH(AL392) -> Tháng 3 | AN392: =LEFT(AK392,FIND(",",AK392)-1) -> Ấp Giồng Giữa B
A393: LỮ THỊ TUYẾT MAI | B393: Nữ | C393: 01/01/1971 | D393: =DATEDIF(C393,TODAY(),"Y") -> 55 | E393: Không | F393: 158 | G393: 58 | H393: =G393/((F393/100)*(F393/100)) -> 23.233456 | I393: 75 | J393: 120 | K393: 80 | L393: =IF(B393="Nữ",0,2) -> 0 | M393: =IF(D393<45,0,IF(D393<=49,1,2)) -> 2 | N393: =IF(E393="Có",4,0) -> 0 | O393: =IF(H393<23,0,IF(H393<27.5,3,5)) -> 3 | P393: =IF(OR(AND(B393="Nam",I393>=90),AND(B393="Nữ",I393>=80)),2,0) -> 0 | Q393: =IF(OR(J393>=140,K393>=90),2,0) -> 0 | R393: =SUM(L393:Q393) -> 5 | AD393: x | AF393: =IF(COUNTIF(S393:Z393,"X")>=2,"Có","Không") -> Không | AG393: =IF(COUNTIF(AA393:AE393,"X")>=3,"Có","Không") -> Không | AH393: =IF((R393)>=6,"Có","Không") -> Không | AI393: =IF((R393)>=6,"Có","Không") -> Không | AJ393: =IF(OR(J393>=140,K393>=90),"Có","Không") -> Không | AK393: Phường Hiệp Thành, Tỉnh Cà Mau | AL393: 46112 | AM393: ="Tháng "&MONTH(AL393) -> Tháng 3 | AN393: =LEFT(AK393,FIND(",",AK393)-1) -> Phường Hiệp Thành
A394: TẠ VĂN BÚ | B394: Nam | C394: 01/01/1981 | D394: =DATEDIF(C394,TODAY(),"Y") -> 45 | E394: Không | F394: 165 | G394: 74 | H394: =G394/((F394/100)*(F394/100)) -> 27.1809 | I394: 85 | J394: 120 | K394: 80 | L394: =IF(B394="Nữ",0,2) -> 2 | M394: =IF(D394<45,0,IF(D394<=49,1,2)) -> 1 | N394: =IF(E394="Có",4,0) -> 0 | O394: =IF(H394<23,0,IF(H394<27.5,3,5)) -> 3 | P394: =IF(OR(AND(B394="Nam",I394>=90),AND(B394="Nữ",I394>=80)),2,0) -> 0 | Q394: =IF(OR(J394>=140,K394>=90),2,0) -> 0 | R394: =SUM(L394:Q394) -> 6 | AD394: x | AF394: =IF(COUNTIF(S394:Z394,"X")>=2,"Có","Không") -> Không | AG394: =IF(COUNTIF(AA394:AE394,"X")>=3,"Có","Không") -> Không | AH394: =IF((R394)>=6,"Có","Không") -> Có | AI394: =IF((R394)>=6,"Có","Không") -> Có | AJ394: =IF(OR(J394>=140,K394>=90),"Có","Không") -> Không | AK394: Khóm Chòm Xoài, Phường Hiệp Thành, Tỉnh Cà Mau | AL394: 46112 | AM394: ="Tháng "&MONTH(AL394) -> Tháng 3 | AN394: =LEFT(AK394,FIND(",",AK394)-1) -> Khóm Chòm Xoài
A395: KHƯU HÔN | B395: Nam | C395: 01/01/1964 | D395: =DATEDIF(C395,TODAY(),"Y") -> 62 | E395: Có | F395: 170 | G395: 55 | H395: =G395/((F395/100)*(F395/100)) -> 19.031142 | I395: 96 | J395: 120 | K395: 80 | L395: =IF(B395="Nữ",0,2) -> 2 | M395: =IF(D395<45,0,IF(D395<=49,1,2)) -> 2 | N395: =IF(E395="Có",4,0) -> 4 | O395: =IF(H395<23,0,IF(H395<27.5,3,5)) -> 0 | P395: =IF(OR(AND(B395="Nam",I395>=90),AND(B395="Nữ",I395>=80)),2,0) -> 2 | Q395: =IF(OR(J395>=140,K395>=90),2,0) -> 0 | R395: =SUM(L395:Q395) -> 10 | AD395: x | AF395: =IF(COUNTIF(S395:Z395,"X")>=2,"Có","Không") -> Không | AG395: =IF(COUNTIF(AA395:AE395,"X")>=3,"Có","Không") -> Không | AH395: =IF((R395)>=6,"Có","Không") -> Có | AI395: =IF((R395)>=6,"Có","Không") -> Có | AJ395: =IF(OR(J395>=140,K395>=90),"Có","Không") -> Không | AK395: Giồng Nhãn, Phường Hiệp Thành, Tỉnh Cà Mau | AL395: 46112 | AM395: ="Tháng "&MONTH(AL395) -> Tháng 3 | AN395: =LEFT(AK395,FIND(",",AK395)-1) -> Giồng Nhãn
A396: LÝ THỊ CHỊT | B396: Nữ | C396: 01/01/1962 | D396: =DATEDIF(C396,TODAY(),"Y") -> 64 | E396: Không | F396: 158 | G396: 58 | H396: =G396/((F396/100)*(F396/100)) -> 23.233456 | I396: 82 | J396: 120 | K396: 80 | L396: =IF(B396="Nữ",0,2) -> 0 | M396: =IF(D396<45,0,IF(D396<=49,1,2)) -> 2 | N396: =IF(E396="Có",4,0) -> 0 | O396: =IF(H396<23,0,IF(H396<27.5,3,5)) -> 3 | P396: =IF(OR(AND(B396="Nam",I396>=90),AND(B396="Nữ",I396>=80)),2,0) -> 2 | Q396: =IF(OR(J396>=140,K396>=90),2,0) -> 0 | R396: =SUM(L396:Q396) -> 7 | AD396: x | AF396: =IF(COUNTIF(S396:Z396,"X")>=2,"Có","Không") -> Không | AG396: =IF(COUNTIF(AA396:AE396,"X")>=3,"Có","Không") -> Không | AH396: =IF((R396)>=6,"Có","Không") -> Có | AI396: =IF((R396)>=6,"Có","Không") -> Có | AJ396: =IF(OR(J396>=140,K396>=90),"Có","Không") -> Không | AK396: Biển Đông B, Phường Hiệp Thành, Tỉnh Cà Mau | AL396: 46112 | AM396: ="Tháng "&MONTH(AL396) -> Tháng 3 | AN396: =LEFT(AK396,FIND(",",AK396)-1) -> Biển Đông B
A397: NGUYỄN THỊ NHANH | B397: Nữ | C397: 01/01/1974 | D397: =DATEDIF(C397,TODAY(),"Y") -> 52 | E397: Không | F397: 158 | G397: 58 | H397: =G397/((F397/100)*(F397/100)) -> 23.233456 | I397: 65 | J397: 120 | K397: 80 | L397: =IF(B397="Nữ",0,2) -> 0 | M397: =IF(D397<45,0,IF(D397<=49,1,2)) -> 2 | N397: =IF(E397="Có",4,0) -> 0 | O397: =IF(H397<23,0,IF(H397<27.5,3,5)) -> 3 | P397: =IF(OR(AND(B397="Nam",I397>=90),AND(B397="Nữ",I397>=80)),2,0) -> 0 | Q397: =IF(OR(J397>=140,K397>=90),2,0) -> 0 | R397: =SUM(L397:Q397) -> 5 | AD397: x | AF397: =IF(COUNTIF(S397:Z397,"X")>=2,"Có","Không") -> Không | AG397: =IF(COUNTIF(AA397:AE397,"X")>=3,"Có","Không") -> Không | AH397: =IF((R397)>=6,"Có","Không") -> Không | AI397: =IF((R397)>=6,"Có","Không") -> Không | AJ397: =IF(OR(J397>=140,K397>=90),"Có","Không") -> Không | AK397: Ấp Hòa Thân, Phường Sơn Qui, Tỉnh Đồng Tháp | AL397: 46112 | AM397: ="Tháng "&MONTH(AL397) -> Tháng 3 | AN397: =LEFT(AK397,FIND(",",AK397)-1) -> Ấp Hòa Thân
A398: SƠN XUA | B398: Nam | C398: 01/01/1958 | D398: =DATEDIF(C398,TODAY(),"Y") -> 68 | E398: Không | F398: 158 | G398: 58 | H398: =G398/((F398/100)*(F398/100)) -> 23.233456 | I398: 89 | J398: 150 | K398: 80 | L398: =IF(B398="Nữ",0,2) -> 2 | M398: =IF(D398<45,0,IF(D398<=49,1,2)) -> 2 | N398: =IF(E398="Có",4,0) -> 0 | O398: =IF(H398<23,0,IF(H398<27.5,3,5)) -> 3 | P398: =IF(OR(AND(B398="Nam",I398>=90),AND(B398="Nữ",I398>=80)),2,0) -> 0 | Q398: =IF(OR(J398>=140,K398>=90),2,0) -> 2 | R398: =SUM(L398:Q398) -> 9 | AD398: x | AF398: =IF(COUNTIF(S398:Z398,"X")>=2,"Có","Không") -> Không | AG398: =IF(COUNTIF(AA398:AE398,"X")>=3,"Có","Không") -> Không | AH398: =IF((R398)>=6,"Có","Không") -> Có | AI398: =IF((R398)>=6,"Có","Không") -> Có | AJ398: =IF(OR(J398>=140,K398>=90),"Có","Không") -> Có | AK398: Ấp Giồng Giữa B, Phường Hiệp Thành, Tỉnh Cà Mau | AL398: 46112 | AM398: ="Tháng "&MONTH(AL398) -> Tháng 3 | AN398: =LEFT(AK398,FIND(",",AK398)-1) -> Ấp Giồng Giữa B
A399: THẠCH THỊ QUÊN | B399: Nữ | C399: 01/01/1959 | D399: =DATEDIF(C399,TODAY(),"Y") -> 67 | E399: Có | F399: 158 | G399: 58 | H399: =G399/((F399/100)*(F399/100)) -> 23.233456 | I399: 86 | J399: 150 | K399: 80 | L399: =IF(B399="Nữ",0,2) -> 0 | M399: =IF(D399<45,0,IF(D399<=49,1,2)) -> 2 | N399: =IF(E399="Có",4,0) -> 4 | O399: =IF(H399<23,0,IF(H399<27.5,3,5)) -> 3 | P399: =IF(OR(AND(B399="Nam",I399>=90),AND(B399="Nữ",I399>=80)),2,0) -> 2 | Q399: =IF(OR(J399>=140,K399>=90),2,0) -> 2 | R399: =SUM(L399:Q399) -> 13 | AD399: x | AF399: =IF(COUNTIF(S399:Z399,"X")>=2,"Có","Không") -> Không | AG399: =IF(COUNTIF(AA399:AE399,"X")>=3,"Có","Không") -> Không | AH399: =IF((R399)>=6,"Có","Không") -> Có | AI399: =IF((R399)>=6,"Có","Không") -> Có | AJ399: =IF(OR(J399>=140,K399>=90),"Có","Không") -> Có | AK399: Biển Đông B, Phường Hiệp Thành, Tỉnh Cà Mau | AL399: 46112 | AM399: ="Tháng "&MONTH(AL399) -> Tháng 3 | AN399: =LEFT(AK399,FIND(",",AK399)-1) -> Biển Đông B
A400: SƠN THỊ SON | B400: Nữ | C400: 01/01/1964 | D400: =DATEDIF(C400,TODAY(),"Y") -> 62 | E400: Không | F400: 158 | G400: 58 | H400: =G400/((F400/100)*(F400/100)) -> 23.233456 | I400: 72 | J400: 160 | K400: 80 | L400: =IF(B400="Nữ",0,2) -> 0 | M400: =IF(D400<45,0,IF(D400<=49,1,2)) -> 2 | N400: =IF(E400="Có",4,0) -> 0 | O400: =IF(H400<23,0,IF(H400<27.5,3,5)) -> 3 | P400: =IF(OR(AND(B400="Nam",I400>=90),AND(B400="Nữ",I400>=80)),2,0) -> 0 | Q400: =IF(OR(J400>=140,K400>=90),2,0) -> 2 | R400: =SUM(L400:Q400) -> 7 | AD400: x | AF400: =IF(COUNTIF(S400:Z400,"X")>=2,"Có","Không") -> Không | AG400: =IF(COUNTIF(AA400:AE400,"X")>=3,"Có","Không") -> Không | AH400: =IF((R400)>=6,"Có","Không") -> Có | AI400: =IF((R400)>=6,"Có","Không") -> Có | AJ400: =IF(OR(J400>=140,K400>=90),"Có","Không") -> Có | AK400: Phường Hiệp Thành, Tỉnh Cà Mau | AL400: 46112 | AM400: ="Tháng "&MONTH(AL400) -> Tháng 3 | AN400: =LEFT(AK400,FIND(",",AK400)-1) -> Phường Hiệp Thành
A401: NGUYỄN NGỌC EM | B401: Nam | C401: 01/01/1962 | D401: =DATEDIF(C401,TODAY(),"Y") -> 64 | E401: Không | F401: 165 | G401: 76 | H401: =G401/((F401/100)*(F401/100)) -> 27.915519 | I401: 75 | J401: 120 | K401: 80 | L401: =IF(B401="Nữ",0,2) -> 2 | M401: =IF(D401<45,0,IF(D401<=49,1,2)) -> 2 | N401: =IF(E401="Có",4,0) -> 0 | O401: =IF(H401<23,0,IF(H401<27.5,3,5)) -> 5 | P401: =IF(OR(AND(B401="Nam",I401>=90),AND(B401="Nữ",I401>=80)),2,0) -> 0 | Q401: =IF(OR(J401>=140,K401>=90),2,0) -> 0 | R401: =SUM(L401:Q401) -> 9 | AD401: x | AF401: =IF(COUNTIF(S401:Z401,"X")>=2,"Có","Không") -> Không | AG401: =IF(COUNTIF(AA401:AE401,"X")>=3,"Có","Không") -> Không | AH401: =IF((R401)>=6,"Có","Không") -> Có | AI401: =IF((R401)>=6,"Có","Không") -> Có | AJ401: =IF(OR(J401>=140,K401>=90),"Có","Không") -> Không | AK401: Phường Hiệp Thành, Tỉnh Cà Mau | AL401: 46112 | AM401: ="Tháng "&MONTH(AL401) -> Tháng 3 | AN401: =LEFT(AK401,FIND(",",AK401)-1) -> Phường Hiệp Thành
... A477: TRẦN THỊ THÓ | B477: Nữ | C477: 01/01/1959 | D477: =DATEDIF(C477,TODAY(),"Y") -> 67 | E477: Không | F477: 162 | G477: 56 | H477: =G477/((F477/100)*(F477/100)) -> 21.338211 | I477: 90 | J477: 130 | K477: 80 | L477: =IF(B477="Nữ",0,2) -> 0 | M477: =IF(D477<45,0,IF(D477<=49,1,2)) -> 2 | N477: =IF(E477="Có",4,0) -> 0 | O477: =IF(H477<23,0,IF(H477<27.5,3,5)) -> 0 | P477: =IF(OR(AND(B477="Nam",I477>=90),AND(B477="Nữ",I477>=80)),2,0) -> 2 | Q477: =IF(OR(J477>=140,K477>=90),2,0) -> 0 | R477: =SUM(L477:Q477) -> 4 | AD477: x | AF477: =IF(COUNTIF(S477:Z477,"X")>=2,"Có","Không") -> Không | AG477: =IF(COUNTIF(AA477:AE477,"X")>=3,"Có","Không") -> Không | AH477: =IF((R477)>=6,"Có","Không") -> Không | AI477: =IF((R477)>=6,"Có","Không") -> Không | AJ477: =IF(OR(J477>=140,K477>=90),"Có","Không") -> Không | AK477: Phường Hiệp Thành, Tỉnh Cà Mau | AL477: 46112 | AM477: ="Tháng "&MONTH(AL477) -> Tháng 3 | AN477: =LEFT(AK477,FIND(",",AK477)-1) -> Phường Hiệp Thành
A478: KHƯU XIẾU HỐN | B478: Nữ | C478: 01/01/1968 | D478: =DATEDIF(C478,TODAY(),"Y") -> 58 | E478: Không | F478: 158 | G478: 58 | H478: =G478/((F478/100)*(F478/100)) -> 23.233456 | I478: 78 | J478: 150 | L478: =IF(B478="Nữ",0,2) -> 0 | M478: =IF(D478<45,0,IF(D478<=49,1,2)) -> 2 | N478: =IF(E478="Có",4,0) -> 0 | O478: =IF(H478<23,0,IF(H478<27.5,3,5)) -> 3 | P478: =IF(OR(AND(B478="Nam",I478>=90),AND(B478="Nữ",I478>=80)),2,0) -> 0 | Q478: =IF(OR(J478>=140,K478>=90),2,0) -> 2 | R478: =SUM(L478:Q478) -> 7 | AD478: x | AF478: =IF(COUNTIF(S478:Z478,"X")>=2,"Có","Không") -> Không | AG478: =IF(COUNTIF(AA478:AE478,"X")>=3,"Có","Không") -> Không | AH478: =IF((R478)>=6,"Có","Không") -> Có | AI478: =IF((R478)>=6,"Có","Không") -> Có | AJ478: =IF(OR(J478>=140,K478>=90),"Có","Không") -> Có | AK478: Phường Hiệp Thành, Tỉnh Cà Mau | AL478: 46112 | AM478: ="Tháng "&MONTH(AL478) -> Tháng 3 | AN478: =LEFT(AK478,FIND(",",AK478)-1) -> Phường Hiệp Thành
A479: TRƯƠNG THANH LIÊM | B479: Nam | C479: 01/01/1983 | D479: =DATEDIF(C479,TODAY(),"Y") -> 43 | E479: Không | F479: 169 | G479: 68 | H479: =G479/((F479/100)*(F479/100)) -> 23.80869 | I479: 82 | J479: 130 | K479: 80 | L479: =IF(B479="Nữ",0,2) -> 2 | M479: =IF(D479<45,0,IF(D479<=49,1,2)) -> 0 | N479: =IF(E479="Có",4,0) -> 0 | O479: =IF(H479<23,0,IF(H479<27.5,3,5)) -> 3 | P479: =IF(OR(AND(B479="Nam",I479>=90),AND(B479="Nữ",I479>=80)),2,0) -> 0 | Q479: =IF(OR(J479>=140,K479>=90),2,0) -> 0 | R479: =SUM(L479:Q479) -> 5 | AD479: x | AF479: =IF(COUNTIF(S479:Z479,"X")>=2,"Có","Không") -> Không | AG479: =IF(COUNTIF(AA479:AE479,"X")>=3,"Có","Không") -> Không | AH479: =IF((R479)>=6,"Có","Không") -> Không | AI479: =IF((R479)>=6,"Có","Không") -> Không | AJ479: =IF(OR(J479>=140,K479>=90),"Có","Không") -> Không | AK479: ấp giồng Giữa B, Phường Hiệp Thành, Tỉnh Cà Mau | AL479: 46112 | AM479: ="Tháng "&MONTH(AL479) -> Tháng 3 | AN479: =LEFT(AK479,FIND(",",AK479)-1) -> ấp giồng Giữa B
A480: HOÀNG THỊ LIÊN | B480: Nữ | C480: 01/01/1969 | D480: =DATEDIF(C480,TODAY(),"Y") -> 57 | E480: Không | F480: 160 | G480: 70 | H480: =G480/((F480/100)*(F480/100)) -> 27.34375 | I480: 76 | J480: 120 | K480: 80 | L480: =IF(B480="Nữ",0,2) -> 0 | M480: =IF(D480<45,0,IF(D480<=49,1,2)) -> 2 | N480: =IF(E480="Có",4,0) -> 0 | O480: =IF(H480<23,0,IF(H480<27.5,3,5)) -> 3 | P480: =IF(OR(AND(B480="Nam",I480>=90),AND(B480="Nữ",I480>=80)),2,0) -> 0 | Q480: =IF(OR(J480>=140,K480>=90),2,0) -> 0 | R480: =SUM(L480:Q480) -> 5 | AD480: x | AF480: =IF(COUNTIF(S480:Z480,"X")>=2,"Có","Không") -> Không | AG480: =IF(COUNTIF(AA480:AE480,"X")>=3,"Có","Không") -> Không | AH480: =IF((R480)>=6,"Có","Không") -> Không | AI480: =IF((R480)>=6,"Có","Không") -> Không | AJ480: =IF(OR(J480>=140,K480>=90),"Có","Không") -> Không | AK480: khóm Nhà Mát, phường Hiệp Thành, tỉnh Cà Mau | AL480: 46112 | AM480: ="Tháng "&MONTH(AL480) -> Tháng 3 | AN480: =LEFT(AK480,FIND(",",AK480)-1) -> khóm Nhà Mát
...

Sheet KSL TÍNH ĐẾN THÁNG 4
A1: Họ tên (*) | B1: Giới tính (*) | C1: Năm sinh (*) | D1: Tuổi | E1: Gia đình mắc ĐTD | F1: Chiều cao | G1: Cân nặng | H1: BMI | I1: Vòng eo | J1: HA tâm thu (*) | K1: HA tâm trương (*) | L1: Điểm Giới tính | M1: Điểm Tuổi | N1: Điểm Gia đình | O1: Điểm BMI | P1: Điểm Vòng eo | Q1: Điểm Huyết áp | R1: Tổng điểm | S1: Cần xét nghiệm đường máu mao mạch | T1: Nguy cơ Đái tháo đường | U1: Nghi ngờ Tăng huyết áp | V1: Địa chỉ | W1: Ngày khám (*) | X1: Tháng | Y1: Khóm
A2: LIÊU THỊ NHE | B2: Nữ | C2: 01/01/1943 | D2: =DATEDIF(C2,TODAY(),"Y") -> 83 | E2: Có | F2: 161 | G2: 68 | H2: =G2/((F2/100)*(F2/100)) -> 26.233556 | I2: 89 | J2: 120 | K2: 80 | L2: =IF(B2="Nữ",0,2) -> 0 | M2: =IF(D2<45,0,IF(D2<=49,1,2)) -> 2 | N2: =IF(E2="Có",4,0) -> 4 | O2: =IF(H2<23,0,IF(H2<27.5,3,5)) -> 3 | P2: =IF(OR(AND(B2="Nam",I2>=90),AND(B2="Nữ",I2>=80)),2,0) -> 2 | Q2: =IF(OR(J2>=140,K2>=90),2,0) -> 0 | R2: =SUM(L2:Q2) -> 11 | S2: =IF((R2)>=6,"Có","Không cần") -> Có | T2: =IF((R2)>=6,"Có","Không") -> Có | U2: =IF(OR(J2>=140,K2>=90),"Có","Không") -> Không | V2: Ấp Biển Đông A, Phường Hiệp Thành, Tỉnh Cà Mau | W2: 46142 | X2: ="Tháng "&MONTH(W2) -> Tháng 4 | Y2: =LEFT(V2,FIND(",",V2)-1) -> Ấp Biển Đông A
A3: QUÁCH XÔM | B3: Nam | C3: 01/01/1947 | D3: =DATEDIF(C3,TODAY(),"Y") -> 79 | E3: Không | F3: 170 | G3: 75 | H3: =G3/((F3/100)*(F3/100)) -> 25.951557 | I3: 81 | J3: 120 | K3: 80 | L3: =IF(B3="Nữ",0,2) -> 2 | M3: =IF(D3<45,0,IF(D3<=49,1,2)) -> 2 | N3: =IF(E3="Có",4,0) -> 0 | O3: =IF(H3<23,0,IF(H3<27.5,3,5)) -> 3 | P3: =IF(OR(AND(B3="Nam",I3>=90),AND(B3="Nữ",I3>=80)),2,0) -> 0 | Q3: =IF(OR(J3>=140,K3>=90),2,0) -> 0 | R3: =SUM(L3:Q3) -> 7 | S3: =IF((R3)>=6,"Có","Không cần") -> Có | T3: =IF((R3)>=6,"Có","Không") -> Có | U3: =IF(OR(J3>=140,K3>=90),"Có","Không") -> Không | V3: Ấp Giồng Giữa B, Phường Hiệp Thành, Tỉnh Cà Mau | W3: 46142 | X3: ="Tháng "&MONTH(W3) -> Tháng 4 | Y3: =LEFT(V3,FIND(",",V3)-1) -> Ấp Giồng Giữa B
A4: HUỲNH VĂN HAI | B4: Nam | C4: 01/01/1948 | D4: =DATEDIF(C4,TODAY(),"Y") -> 78 | E4: Có | F4: 172 | G4: 65 | H4: =G4/((F4/100)*(F4/100)) -> 21.971336 | I4: 83 | J4: 130 | K4: 80 | L4: =IF(B4="Nữ",0,2) -> 2 | M4: =IF(D4<45,0,IF(D4<=49,1,2)) -> 2 | N4: =IF(E4="Có",4,0) -> 4 | O4: =IF(H4<23,0,IF(H4<27.5,3,5)) -> 0 | P4: =IF(OR(AND(B4="Nam",I4>=90),AND(B4="Nữ",I4>=80)),2,0) -> 0 | Q4: =IF(OR(J4>=140,K4>=90),2,0) -> 0 | R4: =SUM(L4:Q4) -> 8 | S4: =IF((R4)>=6,"Có","Không cần") -> Có | T4: =IF((R4)>=6,"Có","Không") -> Có | U4: =IF(OR(J4>=140,K4>=90),"Có","Không") -> Không | V4: Chòm Xoài, Phường Hiệp Thành, Tỉnh Cà Mau | W4: 46142 | X4: ="Tháng "&MONTH(W4) -> Tháng 4 | Y4: =LEFT(V4,FIND(",",V4)-1) -> Chòm Xoài
A5: THẠCH CƯƠNG | B5: Nam | C5: 01/01/1951 | D5: =DATEDIF(C5,TODAY(),"Y") -> 75 | E5: Không | F5: 169 | G5: 68 | H5: =G5/((F5/100)*(F5/100)) -> 23.80869 | I5: 81 | J5: 120 | K5: 80 | L5: =IF(B5="Nữ",0,2) -> 2 | M5: =IF(D5<45,0,IF(D5<=49,1,2)) -> 2 | N5: =IF(E5="Có",4,0) -> 0 | O5: =IF(H5<23,0,IF(H5<27.5,3,5)) -> 3 | P5: =IF(OR(AND(B5="Nam",I5>=90),AND(B5="Nữ",I5>=80)),2,0) -> 0 | Q5: =IF(OR(J5>=140,K5>=90),2,0) -> 0 | R5: =SUM(L5:Q5) -> 7 | S5: =IF((R5)>=6,"Có","Không cần") -> Có | T5: =IF((R5)>=6,"Có","Không") -> Có | U5: =IF(OR(J5>=140,K5>=90),"Có","Không") -> Không | V5: Ấp Biển Đông B, Phường Hiệp Thành, Tỉnh Cà Mau | W5: 46142 | X5: ="Tháng "&MONTH(W5) -> Tháng 4 | Y5: =LEFT(V5,FIND(",",V5)-1) -> Ấp Biển Đông B
A6: TRẦN THỊ SÀ MÂY | B6: Nữ | C6: 01/01/1956 | D6: =DATEDIF(C6,TODAY(),"Y") -> 70 | E6: Có | F6: 168 | G6: 68 | H6: =G6/((F6/100)*(F6/100)) -> 24.092971 | I6: 80 | J6: 150 | K6: 80 | L6: =IF(B6="Nữ",0,2) -> 0 | M6: =IF(D6<45,0,IF(D6<=49,1,2)) -> 2 | N6: =IF(E6="Có",4,0) -> 4 | O6: =IF(H6<23,0,IF(H6<27.5,3,5)) -> 3 | P6: =IF(OR(AND(B6="Nam",I6>=90),AND(B6="Nữ",I6>=80)),2,0) -> 2 | Q6: =IF(OR(J6>=140,K6>=90),2,0) -> 2 | R6: =SUM(L6:Q6) -> 13 | S6: =IF((R6)>=6,"Có","Không cần") -> Có | T6: =IF((R6)>=6,"Có","Không") -> Có | U6: =IF(OR(J6>=140,K6>=90),"Có","Không") -> Có | V6: Ấp Biển Đông A, Phường Hiệp Thành, Tỉnh Cà Mau | W6: 46142 | X6: ="Tháng "&MONTH(W6) -> Tháng 4 | Y6: =LEFT(V6,FIND(",",V6)-1) -> Ấp Biển Đông A
A7: DƯƠNG THỊ MAI | B7: Nữ | C7: 01/01/1967 | D7: =DATEDIF(C7,TODAY(),"Y") -> 59 | E7: Không | F7: 167 | G7: 60 | H7: =G7/((F7/100)*(F7/100)) -> 21.513859 | I7: 76 | J7: 120 | K7: 80 | L7: =IF(B7="Nữ",0,2) -> 0 | M7: =IF(D7<45,0,IF(D7<=49,1,2)) -> 2 | N7: =IF(E7="Có",4,0) -> 0 | O7: =IF(H7<23,0,IF(H7<27.5,3,5)) -> 0 | P7: =IF(OR(AND(B7="Nam",I7>=90),AND(B7="Nữ",I7>=80)),2,0) -> 0 | Q7: =IF(OR(J7>=140,K7>=90),2,0) -> 0 | R7: =SUM(L7:Q7) -> 2 | S7: =IF((R7)>=6,"Có","Không cần") -> Không cần | T7: =IF((R7)>=6,"Có","Không") -> Không | U7: =IF(OR(J7>=140,K7>=90),"Có","Không") -> Không | V7: Ấp Giồng Nhãn A, Phường Hiệp Thành, Tỉnh Cà Mau | W7: 46142 | X7: ="Tháng "&MONTH(W7) -> Tháng 4 | Y7: =LEFT(V7,FIND(",",V7)-1) -> Ấp Giồng Nhãn A
A8: THẠCH THỊ NƯƠNG | B8: Nữ | C8: 01/01/1976 | D8: =DATEDIF(C8,TODAY(),"Y") -> 50 | E8: Không | F8: 168 | G8: 68 | H8: =G8/((F8/100)*(F8/100)) -> 24.092971 | I8: 86 | J8: 130 | K8: 80 | L8: =IF(B8="Nữ",0,2) -> 0 | M8: =IF(D8<45,0,IF(D8<=49,1,2)) -> 2 | N8: =IF(E8="Có",4,0) -> 0 | O8: =IF(H8<23,0,IF(H8<27.5,3,5)) -> 3 | P8: =IF(OR(AND(B8="Nam",I8>=90),AND(B8="Nữ",I8>=80)),2,0) -> 2 | Q8: =IF(OR(J8>=140,K8>=90),2,0) -> 0 | R8: =SUM(L8:Q8) -> 7 | S8: =IF((R8)>=6,"Có","Không cần") -> Có | T8: =IF((R8)>=6,"Có","Không") -> Có | U8: =IF(OR(J8>=140,K8>=90),"Có","Không") -> Không | V8: Ấp Biển Đông B, Phường Hiệp Thành, Tỉnh Cà Mau | W8: 46142 | X8: ="Tháng "&MONTH(W8) -> Tháng 4 | Y8: =LEFT(V8,FIND(",",V8)-1) -> Ấp Biển Đông B
A9: ĐINH THỊ LANG | B9: Nữ | C9: 01/01/1971 | D9: =DATEDIF(C9,TODAY(),"Y") -> 55 | E9: Không | F9: 168 | G9: 68 | H9: =G9/((F9/100)*(F9/100)) -> 24.092971 | I9: 71 | J9: 120 | K9: 80 | L9: =IF(B9="Nữ",0,2) -> 0 | M9: =IF(D9<45,0,IF(D9<=49,1,2)) -> 2 | N9: =IF(E9="Có",4,0) -> 0 | O9: =IF(H9<23,0,IF(H9<27.5,3,5)) -> 3 | P9: =IF(OR(AND(B9="Nam",I9>=90),AND(B9="Nữ",I9>=80)),2,0) -> 0 | Q9: =IF(OR(J9>=140,K9>=90),2,0) -> 0 | R9: =SUM(L9:Q9) -> 5 | S9: =IF((R9)>=6,"Có","Không cần") -> Không cần | T9: =IF((R9)>=6,"Có","Không") -> Không | U9: =IF(OR(J9>=140,K9>=90),"Có","Không") -> Không | V9: ấp Giồng Giữa A, Phường Hiệp Thành, Tỉnh Cà Mau | W9: 46142 | X9: ="Tháng "&MONTH(W9) -> Tháng 4 | Y9: =LEFT(V9,FIND(",",V9)-1) -> ấp Giồng Giữa A
A10: QUÁCH THANH HẢI | B10: Nam | C10: 01/01/1968 | D10: =DATEDIF(C10,TODAY(),"Y") -> 58 | E10: Có | F10: 170 | G10: 75 | H10: =G10/((F10/100)*(F10/100)) -> 25.951557 | I10: 87 | J10: 120 | K10: 80 | L10: =IF(B10="Nữ",0,2) -> 2 | M10: =IF(D10<45,0,IF(D10<=49,1,2)) -> 2 | N10: =IF(E10="Có",4,0) -> 4 | O10: =IF(H10<23,0,IF(H10<27.5,3,5)) -> 3 | P10: =IF(OR(AND(B10="Nam",I10>=90),AND(B10="Nữ",I10>=80)),2,0) -> 0 | Q10: =IF(OR(J10>=140,K10>=90),2,0) -> 0 | R10: =SUM(L10:Q10) -> 11 | S10: =IF((R10)>=6,"Có","Không cần") -> Có | T10: =IF((R10)>=6,"Có","Không") -> Có | U10: =IF(OR(J10>=140,K10>=90),"Có","Không") -> Không | V10: Phường Hiệp Thành, Tỉnh Cà Mau | W10: 46142 | X10: ="Tháng "&MONTH(W10) -> Tháng 4 | Y10: =LEFT(V10,FIND(",",V10)-1) -> Phường Hiệp Thành
A11: LÝ THỊ BỮU HUA | B11: Nữ | C11: 01/01/1954 | D11: =DATEDIF(C11,TODAY(),"Y") -> 72 | E11: Không | F11: 158 | G11: 58 | H11: =G11/((F11/100)*(F11/100)) -> 23.233456 | I11: 65 | J11: 120 | K11: 80 | L11: =IF(B11="Nữ",0,2) -> 0 | M11: =IF(D11<45,0,IF(D11<=49,1,2)) -> 2 | N11: =IF(E11="Có",4,0) -> 0 | O11: =IF(H11<23,0,IF(H11<27.5,3,5)) -> 3 | P11: =IF(OR(AND(B11="Nam",I11>=90),AND(B11="Nữ",I11>=80)),2,0) -> 0 | Q11: =IF(OR(J11>=140,K11>=90),2,0) -> 0 | R11: =SUM(L11:Q11) -> 5 | S11: =IF((R11)>=6,"Có","Không cần") -> Không cần | T11: =IF((R11)>=6,"Có","Không") -> Không | U11: =IF(OR(J11>=140,K11>=90),"Có","Không") -> Không | V11: Khóm 3, Phường Bạc Liêu, Tỉnh Cà Mau | W11: 46142 | X11: ="Tháng "&MONTH(W11) -> Tháng 4 | Y11: =LEFT(V11,FIND(",",V11)-1) -> Khóm 3
A12: NGUYỄN THỊ DUYÊN | B12: Nữ | C12: 01/01/1961 | D12: =DATEDIF(C12,TODAY(),"Y") -> 65 | E12: Không | F12: 160 | G12: 63 | H12: =G12/((F12/100)*(F12/100)) -> 24.609375 | I12: 75 | J12: 140 | K12: 80 | L12: =IF(B12="Nữ",0,2) -> 0 | M12: =IF(D12<45,0,IF(D12<=49,1,2)) -> 2 | N12: =IF(E12="Có",4,0) -> 0 | O12: =IF(H12<23,0,IF(H12<27.5,3,5)) -> 3 | P12: =IF(OR(AND(B12="Nam",I12>=90),AND(B12="Nữ",I12>=80)),2,0) -> 0 | Q12: =IF(OR(J12>=140,K12>=90),2,0) -> 2 | R12: =SUM(L12:Q12) -> 7 | S12: =IF((R12)>=6,"Có","Không cần") -> Có | T12: =IF((R12)>=6,"Có","Không") -> Có | U12: =IF(OR(J12>=140,K12>=90),"Có","Không") -> Có | V12: xã hiệp thành, Phường Hiệp Thành, Tỉnh Cà Mau | W12: 46142 | X12: ="Tháng "&MONTH(W12) -> Tháng 4 | Y12: =LEFT(V12,FIND(",",V12)-1) -> xã hiệp thành
A13: LÂM THỊ SANG | B13: Nữ | C13: 01/01/1952 | D13: =DATEDIF(C13,TODAY(),"Y") -> 74 | E13: Không | F13: 168 | G13: 68 | H13: =G13/((F13/100)*(F13/100)) -> 24.092971 | I13: 72 | J13: 140 | K13: 80 | L13: =IF(B13="Nữ",0,2) -> 0 | M13: =IF(D13<45,0,IF(D13<=49,1,2)) -> 2 | N13: =IF(E13="Có",4,0) -> 0 | O13: =IF(H13<23,0,IF(H13<27.5,3,5)) -> 3 | P13: =IF(OR(AND(B13="Nam",I13>=90),AND(B13="Nữ",I13>=80)),2,0) -> 0 | Q13: =IF(OR(J13>=140,K13>=90),2,0) -> 2 | R13: =SUM(L13:Q13) -> 7 | S13: =IF((R13)>=6,"Có","Không cần") -> Có | T13: =IF((R13)>=6,"Có","Không") -> Có | U13: =IF(OR(J13>=140,K13>=90),"Có","Không") -> Có | V13: ấp Biển Đông A, Phường Hiệp Thành, Tỉnh Cà Mau | W13: 46142 | X13: ="Tháng "&MONTH(W13) -> Tháng 4 | Y13: =LEFT(V13,FIND(",",V13)-1) -> ấp Biển Đông A
... A30: THẠCH HEL | B30: Nữ | C30: 01/01/1934 | D30: =DATEDIF(C30,TODAY(),"Y") -> 92 | E30: Không | F30: 169 | G30: 68 | H30: =G30/((F30/100)*(F30/100)) -> 23.80869 | I30: 79 | J30: 120 | K30: 80 | L30: =IF(B30="Nữ",0,2) -> 0 | M30: =IF(D30<45,0,IF(D30<=49,1,2)) -> 2 | N30: =IF(E30="Có",4,0) -> 0 | O30: =IF(H30<23,0,IF(H30<27.5,3,5)) -> 3 | P30: =IF(OR(AND(B30="Nam",I30>=90),AND(B30="Nữ",I30>=80)),2,0) -> 0 | Q30: =IF(OR(J30>=140,K30>=90),2,0) -> 0 | R30: =SUM(L30:Q30) -> 5 | S30: =IF((R30)>=6,"Có","Không cần") -> Không cần | T30: =IF((R30)>=6,"Có","Không") -> Không | U30: =IF(OR(J30>=140,K30>=90),"Có","Không") -> Không | V30: Phường Hiệp Thành, Tỉnh Cà Mau | W30: 46142 | X30: ="Tháng "&MONTH(W30) -> Tháng 4 | Y30: =LEFT(V30,FIND(",",V30)-1) -> Phường Hiệp Thành
A31: THACH CƯƠNG | B31: Nam | C31: 01/01/1957 | D31: =DATEDIF(C31,TODAY(),"Y") -> 69 | E31: Không | F31: 166 | G31: 58 | H31: =G31/((F31/100)*(F31/100)) -> 21.048048 | I31: 89 | J31: 120 | K31: 80 | L31: =IF(B31="Nữ",0,2) -> 2 | M31: =IF(D31<45,0,IF(D31<=49,1,2)) -> 2 | N31: =IF(E31="Có",4,0) -> 0 | O31: =IF(H31<23,0,IF(H31<27.5,3,5)) -> 0 | P31: =IF(OR(AND(B31="Nam",I31>=90),AND(B31="Nữ",I31>=80)),2,0) -> 0 | Q31: =IF(OR(J31>=140,K31>=90),2,0) -> 0 | R31: =SUM(L31:Q31) -> 4 | S31: =IF((R31)>=6,"Có","Không cần") -> Không cần | T31: =IF((R31)>=6,"Có","Không") -> Không | U31: =IF(OR(J31>=140,K31>=90),"Có","Không") -> Không | V31: ấp Biển tây B, Phường Hiệp Thành, Tỉnh Cà Mau | W31: 09/03/2026 | X31: ="Tháng "&MONTH(W31) -> Tháng 3 | Y31: =LEFT(V31,FIND(",",V31)-1) -> ấp Biển tây B
A32: DIỆP THIỆN | B32: Nam | C32: 01/01/1958 | D32: =DATEDIF(C32,TODAY(),"Y") -> 68 | E32: Có | F32: 160 | G32: 72 | H32: =G32/((F32/100)*(F32/100)) -> 28.125 | I32: 85 | J32: 120 | K32: 80 | L32: =IF(B32="Nữ",0,2) -> 2 | M32: =IF(D32<45,0,IF(D32<=49,1,2)) -> 2 | N32: =IF(E32="Có",4,0) -> 4 | O32: =IF(H32<23,0,IF(H32<27.5,3,5)) -> 5 | P32: =IF(OR(AND(B32="Nam",I32>=90),AND(B32="Nữ",I32>=80)),2,0) -> 0 | Q32: =IF(OR(J32>=140,K32>=90),2,0) -> 0 | R32: =SUM(L32:Q32) -> 13 | S32: =IF((R32)>=6,"Có","Không cần") -> Có | T32: =IF((R32)>=6,"Có","Không") -> Có | U32: =IF(OR(J32>=140,K32>=90),"Có","Không") -> Không | V32: ấp Biển Đông A, Phường Hiệp Thành, Tỉnh Cà Mau | W32: 46142 | X32: ="Tháng "&MONTH(W32) -> Tháng 4 | Y32: =LEFT(V32,FIND(",",V32)-1) -> ấp Biển Đông A
A33: PHẠM THỊ TÁM | B33: Nữ | C33: 01/01/1955 | D33: =DATEDIF(C33,TODAY(),"Y") -> 71 | E33: Không | F33: 158 | G33: 58 | H33: =G33/((F33/100)*(F33/100)) -> 23.233456 | I33: 72 | J33: 130 | K33: 80 | L33: =IF(B33="Nữ",0,2) -> 0 | M33: =IF(D33<45,0,IF(D33<=49,1,2)) -> 2 | N33: =IF(E33="Có",4,0) -> 0 | O33: =IF(H33<23,0,IF(H33<27.5,3,5)) -> 3 | P33: =IF(OR(AND(B33="Nam",I33>=90),AND(B33="Nữ",I33>=80)),2,0) -> 0 | Q33: =IF(OR(J33>=140,K33>=90),2,0) -> 0 | R33: =SUM(L33:Q33) -> 5 | S33: =IF((R33)>=6,"Có","Không cần") -> Không cần | T33: =IF((R33)>=6,"Có","Không") -> Không | U33: =IF(OR(J33>=140,K33>=90),"Có","Không") -> Không | V33: Giồng Giữa B, Phường Hiệp Thành, Tỉnh Cà Mau | W33: 46142 | X33: ="Tháng "&MONTH(W33) -> Tháng 4 | Y33: =LEFT(V33,FIND(",",V33)-1) -> Giồng Giữa B
A34: HUỲNH KIỀU OANH | B34: Nữ | C34: 01/01/1966 | D34: =DATEDIF(C34,TODAY(),"Y") -> 60 | E34: Không | F34: 158 | G34: 58 | H34: =G34/((F34/100)*(F34/100)) -> 23.233456 | I34: 86 | J34: 150 | K34: 80 | L34: =IF(B34="Nữ",0,2) -> 0 | M34: =IF(D34<45,0,IF(D34<=49,1,2)) -> 2 | N34: =IF(E34="Có",4,0) -> 0 | O34: =IF(H34<23,0,IF(H34<27.5,3,5)) -> 3 | P34: =IF(OR(AND(B34="Nam",I34>=90),AND(B34="Nữ",I34>=80)),2,0) -> 2 | Q34: =IF(OR(J34>=140,K34>=90),2,0) -> 2 | R34: =SUM(L34:Q34) -> 9 | S34: =IF((R34)>=6,"Có","Không cần") -> Có | T34: =IF((R34)>=6,"Có","Không") -> Có | U34: =IF(OR(J34>=140,K34>=90),"Có","Không") -> Có | V34: xã Lai Hòa, Tỉnh Cần Thơ | W34: 46142 | X34: ="Tháng "&MONTH(W34) -> Tháng 4 | Y34: =LEFT(V34,FIND(",",V34)-1) -> xã Lai Hòa
A35: TRƯƠNG VĂN HỒNG | B35: Nam | C35: 01/01/1968 | D35: =DATEDIF(C35,TODAY(),"Y") -> 58 | E35: Có | F35: 163 | G35: 69 | H35: =G35/((F35/100)*(F35/100)) -> 25.970116 | I35: 99 | J35: 120 | K35: 80 | L35: =IF(B35="Nữ",0,2) -> 2 | M35: =IF(D35<45,0,IF(D35<=49,1,2)) -> 2 | N35: =IF(E35="Có",4,0) -> 4 | O35: =IF(H35<23,0,IF(H35<27.5,3,5)) -> 3 | P35: =IF(OR(AND(B35="Nam",I35>=90),AND(B35="Nữ",I35>=80)),2,0) -> 2 | Q35: =IF(OR(J35>=140,K35>=90),2,0) -> 0 | R35: =SUM(L35:Q35) -> 13 | S35: =IF((R35)>=6,"Có","Không cần") -> Có | T35: =IF((R35)>=6,"Có","Không") -> Có | U35: =IF(OR(J35>=140,K35>=90),"Có","Không") -> Không | V35: Phường Hiệp Thành, tỉnh Cà Mau | W35: 46081 | X35: ="Tháng "&MONTH(W35) -> Tháng 2 | Y35: =LEFT(V35,FIND(",",V35)-1) -> Phường Hiệp Thành
A36: TRẦN TẤN CÔNG | B36: Nam | C36: 01/01/1964 | D36: =DATEDIF(C36,TODAY(),"Y") -> 62 | E36: Không | F36: 169 | G36: 68 | H36: =G36/((F36/100)*(F36/100)) -> 23.80869 | I36: 99 | J36: 140 | K36: 80 | L36: =IF(B36="Nữ",0,2) -> 2 | M36: =IF(D36<45,0,IF(D36<=49,1,2)) -> 2 | N36: =IF(E36="Có",4,0) -> 0 | O36: =IF(H36<23,0,IF(H36<27.5,3,5)) -> 3 | P36: =IF(OR(AND(B36="Nam",I36>=90),AND(B36="Nữ",I36>=80)),2,0) -> 2 | Q36: =IF(OR(J36>=140,K36>=90),2,0) -> 2 | R36: =SUM(L36:Q36) -> 11 | S36: =IF((R36)>=6,"Có","Không cần") -> Có | T36: =IF((R36)>=6,"Có","Không") -> Có | U36: =IF(OR(J36>=140,K36>=90),"Có","Không") -> Có | V36: Phường Vĩnh Trạch, Tỉnh Cà Mau | W36: 46142 | X36: ="Tháng "&MONTH(W36) -> Tháng 4 | Y36: =LEFT(V36,FIND(",",V36)-1) -> Phường Vĩnh Trạch
A37: HUỲNH VĂN BÍ | B37: Nam | C37: 01/01/1952 | D37: =DATEDIF(C37,TODAY(),"Y") -> 74 | E37: Không | F37: 170 | G37: 57 | H37: =G37/((F37/100)*(F37/100)) -> 19.723183 | I37: 81 | J37: 120 | K37: 80 | L37: =IF(B37="Nữ",0,2) -> 2 | M37: =IF(D37<45,0,IF(D37<=49,1,2)) -> 2 | N37: =IF(E37="Có",4,0) -> 0 | O37: =IF(H37<23,0,IF(H37<27.5,3,5)) -> 0 | P37: =IF(OR(AND(B37="Nam",I37>=90),AND(B37="Nữ",I37>=80)),2,0) -> 0 | Q37: =IF(OR(J37>=140,K37>=90),2,0) -> 0 | R37: =SUM(L37:Q37) -> 4 | S37: =IF((R37)>=6,"Có","Không cần") -> Không cần | T37: =IF((R37)>=6,"Có","Không") -> Không | U37: =IF(OR(J37>=140,K37>=90),"Có","Không") -> Không | V37: Giống Nhãn, Phường Hiệp Thành, Tỉnh Cà Mau | W37: 46081 | X37: ="Tháng "&MONTH(W37) -> Tháng 2 | Y37: =LEFT(V37,FIND(",",V37)-1) -> Giống Nhãn
A38: TRẦN THỊ TƯƠI | B38: Nữ | C38: 01/01/1986 | D38: =DATEDIF(C38,TODAY(),"Y") -> 40 | E38: Không | F38: 158 | G38: 58 | H38: =G38/((F38/100)*(F38/100)) -> 23.233456 | I38: 66 | J38: 120 | K38: 80 | L38: =IF(B38="Nữ",0,2) -> 0 | M38: =IF(D38<45,0,IF(D38<=49,1,2)) -> 0 | N38: =IF(E38="Có",4,0) -> 0 | O38: =IF(H38<23,0,IF(H38<27.5,3,5)) -> 3 | P38: =IF(OR(AND(B38="Nam",I38>=90),AND(B38="Nữ",I38>=80)),2,0) -> 0 | Q38: =IF(OR(J38>=140,K38>=90),2,0) -> 0 | R38: =SUM(L38:Q38) -> 3 | S38: =IF((R38)>=6,"Có","Không cần") -> Không cần | T38: =IF((R38)>=6,"Có","Không") -> Không | U38: =IF(OR(J38>=140,K38>=90),"Có","Không") -> Không | V38: Phường Hiệp Thành, Tỉnh Cà Mau | W38: 46142 | X38: ="Tháng "&MONTH(W38) -> Tháng 4 | Y38: =LEFT(V38,FIND(",",V38)-1) -> Phường Hiệp Thành
A39: NGUYỄN THỊ HUÔI | B39: Nữ | C39: 01/01/1954 | D39: =DATEDIF(C39,TODAY(),"Y") -> 72 | E39: Không | F39: 160 | G39: 57 | H39: =G39/((F39/100)*(F39/100)) -> 22.265625 | I39: 89 | J39: 120 | K39: 80 | L39: =IF(B39="Nữ",0,2) -> 0 | M39: =IF(D39<45,0,IF(D39<=49,1,2)) -> 2 | N39: =IF(E39="Có",4,0) -> 0 | O39: =IF(H39<23,0,IF(H39<27.5,3,5)) -> 0 | P39: =IF(OR(AND(B39="Nam",I39>=90),AND(B39="Nữ",I39>=80)),2,0) -> 2 | Q39: =IF(OR(J39>=140,K39>=90),2,0) -> 0 | R39: =SUM(L39:Q39) -> 4 | S39: =IF((R39)>=6,"Có","Không cần") -> Không cần | T39: =IF((R39)>=6,"Có","Không") -> Không | U39: =IF(OR(J39>=140,K39>=90),"Có","Không") -> Không | V39: Khóm Đầu Lộ, Phường Hiệp Thành, Tỉnh Cà Mau | W39: 46142 | X39: ="Tháng "&MONTH(W39) -> Tháng 4 | Y39: =LEFT(V39,FIND(",",V39)-1) -> Khóm Đầu Lộ
A40: NGUYỄN VĂN HIẾN | B40: Nam | C40: 01/01/1953 | D40: =DATEDIF(C40,TODAY(),"Y") -> 73 | E40: Không | F40: 169 | G40: 68 | H40: =G40/((F40/100)*(F40/100)) -> 23.80869 | I40: 93 | J40: 120 | K40: 80 | L40: =IF(B40="Nữ",0,2) -> 2 | M40: =IF(D40<45,0,IF(D40<=49,1,2)) -> 2 | N40: =IF(E40="Có",4,0) -> 0 | O40: =IF(H40<23,0,IF(H40<27.5,3,5)) -> 3 | P40: =IF(OR(AND(B40="Nam",I40>=90),AND(B40="Nữ",I40>=80)),2,0) -> 2 | Q40: =IF(OR(J40>=140,K40>=90),2,0) -> 0 | R40: =SUM(L40:Q40) -> 9 | S40: =IF((R40)>=6,"Có","Không cần") -> Có | T40: =IF((R40)>=6,"Có","Không") -> Có | U40: =IF(OR(J40>=140,K40>=90),"Có","Không") -> Không | V40: Ấp Biển Tây B, Phường Hiệp Thành, Tỉnh Cà Mau | W40: 46142 | X40: ="Tháng "&MONTH(W40) -> Tháng 4 | Y40: =LEFT(V40,FIND(",",V40)-1) -> Ấp Biển Tây B
A41: THÁI VĂN NHÀN | B41: Nam | C41: 01/01/1971 | D41: =DATEDIF(C41,TODAY(),"Y") -> 55 | E41: Không | F41: 175 | G41: 73 | H41: =G41/((F41/100)*(F41/100)) -> 23.836735 | I41: 89 | J41: 130 | K41: 80 | L41: =IF(B41="Nữ",0,2) -> 2 | M41: =IF(D41<45,0,IF(D41<=49,1,2)) -> 2 | N41: =IF(E41="Có",4,0) -> 0 | O41: =IF(H41<23,0,IF(H41<27.5,3,5)) -> 3 | P41: =IF(OR(AND(B41="Nam",I41>=90),AND(B41="Nữ",I41>=80)),2,0) -> 0 | Q41: =IF(OR(J41>=140,K41>=90),2,0) -> 0 | R41: =SUM(L41:Q41) -> 7 | S41: =IF((R41)>=6,"Có","Không cần") -> Có | T41: =IF((R41)>=6,"Có","Không") -> Có | U41: =IF(OR(J41>=140,K41>=90),"Có","Không") -> Không | V41: Ấp Xóm Lẫm, Phường Hiệp Thành, Tỉnh Cà Mau | W41: 46142 | X41: ="Tháng "&MONTH(W41) -> Tháng 4 | Y41: =LEFT(V41,FIND(",",V41)-1) -> Ấp Xóm Lẫm
A42: LÂM THỊ HUỆ | B42: Nữ | C42: 01/01/1954 | D42: =DATEDIF(C42,TODAY(),"Y") -> 72 | E42: Không | F42: 170 | G42: 57 | H42: =G42/((F42/100)*(F42/100)) -> 19.723183 | I42: 87 | J42: 120 | K42: 80 | L42: =IF(B42="Nữ",0,2) -> 0 | M42: =IF(D42<45,0,IF(D42<=49,1,2)) -> 2 | N42: =IF(E42="Có",4,0) -> 0 | O42: =IF(H42<23,0,IF(H42<27.5,3,5)) -> 0 | P42: =IF(OR(AND(B42="Nam",I42>=90),AND(B42="Nữ",I42>=80)),2,0) -> 2 | Q42: =IF(OR(J42>=140,K42>=90),2,0) -> 0 | R42: =SUM(L42:Q42) -> 4 | S42: =IF((R42)>=6,"Có","Không cần") -> Không cần | T42: =IF((R42)>=6,"Có","Không") -> Không | U42: =IF(OR(J42>=140,K42>=90),"Có","Không") -> Không | V42: Giồng Nhãn, Phường Hiệp Thành, Tỉnh Cà Mau | W42: 46142 | X42: ="Tháng "&MONTH(W42) -> Tháng 4 | Y42: =LEFT(V42,FIND(",",V42)-1) -> Giồng Nhãn
A43: LÝ VĂN TÝ | B43: Nam | C43: 01/01/1968 | D43: =DATEDIF(C43,TODAY(),"Y") -> 58 | E43: Không | F43: 169 | G43: 68 | H43: =G43/((F43/100)*(F43/100)) -> 23.80869 | I43: 92 | J43: 130 | K43: 80 | L43: =IF(B43="Nữ",0,2) -> 2 | M43: =IF(D43<45,0,IF(D43<=49,1,2)) -> 2 | N43: =IF(E43="Có",4,0) -> 0 | O43: =IF(H43<23,0,IF(H43<27.5,3,5)) -> 3 | P43: =IF(OR(AND(B43="Nam",I43>=90),AND(B43="Nữ",I43>=80)),2,0) -> 2 | Q43: =IF(OR(J43>=140,K43>=90),2,0) -> 0 | R43: =SUM(L43:Q43) -> 9 | S43: =IF((R43)>=6,"Có","Không cần") -> Có | T43: =IF((R43)>=6,"Có","Không") -> Có | U43: =IF(OR(J43>=140,K43>=90),"Có","Không") -> Không | V43: Ấp Biển Tây A, Phường Hiệp Thành, Tỉnh Cà Mau | W43: 46142 | X43: ="Tháng "&MONTH(W43) -> Tháng 4 | Y43: =LEFT(V43,FIND(",",V43)-1) -> Ấp Biển Tây A
... A218: DANH XIN | B218: Nam | C218: 01/01/1955 | D218: =DATEDIF(C218,TODAY(),"Y") -> 71 | E218: Có | F218: 169 | G218: 68 | H218: =G218/((F218/100)*(F218/100)) -> 23.80869 | I218: 84 | J218: 120 | K218: 80 | L218: =IF(B218="Nữ",0,2) -> 2 | M218: =IF(D218<45,0,IF(D218<=49,1,2)) -> 2 | N218: =IF(E218="Có",4,0) -> 4 | O218: =IF(H218<23,0,IF(H218<27.5,3,5)) -> 3 | P218: =IF(OR(AND(B218="Nam",I218>=90),AND(B218="Nữ",I218>=80)),2,0) -> 0 | Q218: =IF(OR(J218>=140,K218>=90),2,0) -> 0 | R218: =SUM(L218:Q218) -> 11 | S218: =IF((R218)>=6,"Có","Không cần") -> Có | T218: =IF((R218)>=6,"Có","Không") -> Có | U218: =IF(OR(J218>=140,K218>=90),"Có","Không") -> Không | V218: Phường Hiệp Thành, Tỉnh Cà Mau | W218: 46112 | X218: ="Tháng "&MONTH(W218) -> Tháng 3 | Y218: =LEFT(V218,FIND(",",V218)-1) -> Phường Hiệp Thành
A219: THẠCH THỊ BẢY | B219: Nữ | C219: 01/01/1969 | D219: =DATEDIF(C219,TODAY(),"Y") -> 57 | E219: Không | F219: 158 | G219: 58 | H219: =G219/((F219/100)*(F219/100)) -> 23.233456 | I219: 73 | J219: 120 | L219: =IF(B219="Nữ",0,2) -> 0 | M219: =IF(D219<45,0,IF(D219<=49,1,2)) -> 2 | N219: =IF(E219="Có",4,0) -> 0 | O219: =IF(H219<23,0,IF(H219<27.5,3,5)) -> 3 | P219: =IF(OR(AND(B219="Nam",I219>=90),AND(B219="Nữ",I219>=80)),2,0) -> 0 | Q219: =IF(OR(J219>=140,K219>=90),2,0) -> 2 | R219: =SUM(L219:Q219) -> 7 | S219: =IF((R219)>=6,"Có","Không cần") -> Có | T219: =IF((R219)>=6,"Có","Không") -> Có | U219: =IF(OR(J219>=140,K219>=90),"Có","Không") -> Có | V219: Ấp Biển Tây B, Phường Hiệp Thành, Tỉnh Cà Mau | W219: 46112 | X219: ="Tháng "&MONTH(W219) -> Tháng 3 | Y219: =LEFT(V219,FIND(",",V219)-1) -> Ấp Biển Tây B
A220: THẠCH SINH | B220: Nam | C220: 01/01/1965 | D220: =DATEDIF(C220,TODAY(),"Y") -> 61 | E220: Không | F220: 169 | G220: 68 | H220: =G220/((F220/100)*(F220/100)) -> 23.80869 | I220: 79 | J220: 120 | K220: 80 | L220: =IF(B220="Nữ",0,2) -> 2 | M220: =IF(D220<45,0,IF(D220<=49,1,2)) -> 2 | N220: =IF(E220="Có",4,0) -> 0 | O220: =IF(H220<23,0,IF(H220<27.5,3,5)) -> 3 | P220: =IF(OR(AND(B220="Nam",I220>=90),AND(B220="Nữ",I220>=80)),2,0) -> 0 | Q220: =IF(OR(J220>=140,K220>=90),2,0) -> 0 | R220: =SUM(L220:Q220) -> 7 | S220: =IF((R220)>=6,"Có","Không cần") -> Có | T220: =IF((R220)>=6,"Có","Không") -> Có | U220: =IF(OR(J220>=140,K220>=90),"Có","Không") -> Không | V220: Ấp Biển Đông B, Phường Hiệp Thành, Tỉnh Cà Mau | W220: 46142 | X220: ="Tháng "&MONTH(W220) -> Tháng 4 | Y220: =LEFT(V220,FIND(",",V220)-1) -> Ấp Biển Đông B
A221: NGUYỄN VĂN LẬP | B221: Nam | C221: 01/01/1965 | D221: =DATEDIF(C221,TODAY(),"Y") -> 61 | E221: Có | F221: 159 | G221: 50 | H221: =G221/((F221/100)*(F221/100)) -> 19.777699 | I221: 81 | J221: 120 | K221: 80 | L221: =IF(B221="Nữ",0,2) -> 2 | M221: =IF(D221<45,0,IF(D221<=49,1,2)) -> 2 | N221: =IF(E221="Có",4,0) -> 4 | O221: =IF(H221<23,0,IF(H221<27.5,3,5)) -> 0 | P221: =IF(OR(AND(B221="Nam",I221>=90),AND(B221="Nữ",I221>=80)),2,0) -> 0 | Q221: =IF(OR(J221>=140,K221>=90),2,0) -> 0 | R221: =SUM(L221:Q221) -> 8 | S221: =IF((R221)>=6,"Có","Không cần") -> Có | T221: =IF((R221)>=6,"Có","Không") -> Có | U221: =IF(OR(J221>=140,K221>=90),"Có","Không") -> Không | V221: Phường Hiệp Thành, Tỉnh Cà Mau | W221: 46142 | X221: ="Tháng "&MONTH(W221) -> Tháng 4 | Y221: =LEFT(V221,FIND(",",V221)-1) -> Phường Hiệp Thành
A222: SƠN VĂN MINH | B222: Nam | C222: 01/01/1982 | D222: =DATEDIF(C222,TODAY(),"Y") -> 44 | E222: Không | F222: 169 | G222: 68 | H222: =G222/((F222/100)*(F222/100)) -> 23.80869 | I222: 78 | J222: 150 | K222: 80 | L222: =IF(B222="Nữ",0,2) -> 2 | M222: =IF(D222<45,0,IF(D222<=49,1,2)) -> 0 | N222: =IF(E222="Có",4,0) -> 0 | O222: =IF(H222<23,0,IF(H222<27.5,3,5)) -> 3 | P222: =IF(OR(AND(B222="Nam",I222>=90),AND(B222="Nữ",I222>=80)),2,0) -> 0 | Q222: =IF(OR(J222>=140,K222>=90),2,0) -> 2 | R222: =SUM(L222:Q222) -> 7 | S222: =IF((R222)>=6,"Có","Không cần") -> Có | T222: =IF((R222)>=6,"Có","Không") -> Có | U222: =IF(OR(J222>=140,K222>=90),"Có","Không") -> Có | V222: Biển Tây B, Phường Hiệp Thành, Tỉnh Cà Mau | W222: 46142 | X222: ="Tháng "&MONTH(W222) -> Tháng 4 | Y222: =LEFT(V222,FIND(",",V222)-1) -> Biển Tây B
A223: THẠCH SI RA | B223: Nam | C223: 01/01/1974 | D223: =DATEDIF(C223,TODAY(),"Y") -> 52 | E223: Không | F223: 158 | G223: 58 | H223: =G223/((F223/100)*(F223/100)) -> 23.233456 | I223: 97 | J223: 140 | K223: 80 | L223: =IF(B223="Nữ",0,2) -> 2 | M223: =IF(D223<45,0,IF(D223<=49,1,2)) -> 2 | N223: =IF(E223="Có",4,0) -> 0 | O223: =IF(H223<23,0,IF(H223<27.5,3,5)) -> 3 | P223: =IF(OR(AND(B223="Nam",I223>=90),AND(B223="Nữ",I223>=80)),2,0) -> 2 | Q223: =IF(OR(J223>=140,K223>=90),2,0) -> 2 | R223: =SUM(L223:Q223) -> 11 | S223: =IF((R223)>=6,"Có","Không cần") -> Có | T223: =IF((R223)>=6,"Có","Không") -> Có | U223: =IF(OR(J223>=140,K223>=90),"Có","Không") -> Có | V223: ấp Biển Đông B, Phường Hiệp Thành, Tỉnh Cà Mau | W223: 46053 | X223: ="Tháng "&MONTH(W223) -> Tháng 1 | Y223: =LEFT(V223,FIND(",",V223)-1) -> ấp Biển Đông B
A224: LÝ THỊ BỬU YÀ | B224: Nữ | C224: 01/01/1960 | D224: =DATEDIF(C224,TODAY(),"Y") -> 66 | E224: Có | F224: 158 | G224: 58 | H224: =G224/((F224/100)*(F224/100)) -> 23.233456 | I224: 70 | J224: 140 | K224: 80 | L224: =IF(B224="Nữ",0,2) -> 0 | M224: =IF(D224<45,0,IF(D224<=49,1,2)) -> 2 | N224: =IF(E224="Có",4,0) -> 4 | O224: =IF(H224<23,0,IF(H224<27.5,3,5)) -> 3 | P224: =IF(OR(AND(B224="Nam",I224>=90),AND(B224="Nữ",I224>=80)),2,0) -> 0 | Q224: =IF(OR(J224>=140,K224>=90),2,0) -> 2 | R224: =SUM(L224:Q224) -> 11 | S224: =IF((R224)>=6,"Có","Không cần") -> Có | T224: =IF((R224)>=6,"Có","Không") -> Có | U224: =IF(OR(J224>=140,K224>=90),"Có","Không") -> Có | V224: Phường Hiệp Thành, Tỉnh Cà Mau | W224: 46142 | X224: ="Tháng "&MONTH(W224) -> Tháng 4 | Y224: =LEFT(V224,FIND(",",V224)-1) -> Phường Hiệp Thành
A225: HUỲNH LUỐN | B225: Nam | C225: 01/01/1964 | D225: =DATEDIF(C225,TODAY(),"Y") -> 62 | E225: Không | F225: 169 | G225: 68 | H225: =G225/((F225/100)*(F225/100)) -> 23.80869 | I225: 85 | J225: 120 | K225: 80 | L225: =IF(B225="Nữ",0,2) -> 2 | M225: =IF(D225<45,0,IF(D225<=49,1,2)) -> 2 | N225: =IF(E225="Có",4,0) -> 0 | O225: =IF(H225<23,0,IF(H225<27.5,3,5)) -> 3 | P225: =IF(OR(AND(B225="Nam",I225>=90),AND(B225="Nữ",I225>=80)),2,0) -> 0 | Q225: =IF(OR(J225>=140,K225>=90),2,0) -> 0 | R225: =SUM(L225:Q225) -> 7 | S225: =IF((R225)>=6,"Có","Không cần") -> Có | T225: =IF((R225)>=6,"Có","Không") -> Có | U225: =IF(OR(J225>=140,K225>=90),"Có","Không") -> Không | V225: Phường Hiệp Thành, Tỉnh Cà Mau | W225: 46142 | X225: ="Tháng "&MONTH(W225) -> Tháng 4 | Y225: =LEFT(V225,FIND(",",V225)-1) -> Phường Hiệp Thành
A226: HỮU THỊ KIM HOÀNG | B226: Nữ | C226: 01/01/1969 | D226: =DATEDIF(C226,TODAY(),"Y") -> 57 | E226: Không | F226: 158 | G226: 58 | H226: =G226/((F226/100)*(F226/100)) -> 23.233456 | I226: 77 | J226: 120 | K226: 80 | L226: =IF(B226="Nữ",0,2) -> 0 | M226: =IF(D226<45,0,IF(D226<=49,1,2)) -> 2 | N226: =IF(E226="Có",4,0) -> 0 | O226: =IF(H226<23,0,IF(H226<27.5,3,5)) -> 3 | P226: =IF(OR(AND(B226="Nam",I226>=90),AND(B226="Nữ",I226>=80)),2,0) -> 0 | Q226: =IF(OR(J226>=140,K226>=90),2,0) -> 0 | R226: =SUM(L226:Q226) -> 5 | S226: =IF((R226)>=6,"Có","Không cần") -> Không cần | T226: =IF((R226)>=6,"Có","Không") -> Không | U226: =IF(OR(J226>=140,K226>=90),"Có","Không") -> Không | V226: Ấp Biển Đông B, Phường Hiệp Thành, Tỉnh Cà Mau | W226: 46142 | X226: ="Tháng "&MONTH(W226) -> Tháng 4 | Y226: =LEFT(V226,FIND(",",V226)-1) -> Ấp Biển Đông B
A227: THẠCH THỊ XÀ QUÃNG | B227: Nữ | C227: 01/01/1957 | D227: =DATEDIF(C227,TODAY(),"Y") -> 69 | E227: Có | F227: 158 | G227: 58 | H227: =G227/((F227/100)*(F227/100)) -> 23.233456 | I227: 70 | J227: 120 | K227: 80 | L227: =IF(B227="Nữ",0,2) -> 0 | M227: =IF(D227<45,0,IF(D227<=49,1,2)) -> 2 | N227: =IF(E227="Có",4,0) -> 4 | O227: =IF(H227<23,0,IF(H227<27.5,3,5)) -> 3 | P227: =IF(OR(AND(B227="Nam",I227>=90),AND(B227="Nữ",I227>=80)),2,0) -> 0 | Q227: =IF(OR(J227>=140,K227>=90),2,0) -> 0 | R227: =SUM(L227:Q227) -> 9 | S227: =IF((R227)>=6,"Có","Không cần") -> Có | T227: =IF((R227)>=6,"Có","Không") -> Có | U227: =IF(OR(J227>=140,K227>=90),"Có","Không") -> Không | V227: Ấp Biển Đông B, Xã Vĩnh Trạch Đông, Thành phố Bạc Liêu, Tỉnh Bạc Liêu | W227: 46142 | X227: ="Tháng "&MONTH(W227) -> Tháng 4 | Y227: =LEFT(V227,FIND(",",V227)-1) -> Ấp Biển Đông B
A228: HUỲNH THỊ SA VÊNH | B228: Nữ | C228: 01/01/1955 | D228: =DATEDIF(C228,TODAY(),"Y") -> 71 | E228: Không | F228: 158 | G228: 58 | H228: =G228/((F228/100)*(F228/100)) -> 23.233456 | I228: 78 | J228: 120 | K228: 80 | L228: =IF(B228="Nữ",0,2) -> 0 | M228: =IF(D228<45,0,IF(D228<=49,1,2)) -> 2 | N228: =IF(E228="Có",4,0) -> 0 | O228: =IF(H228<23,0,IF(H228<27.5,3,5)) -> 3 | P228: =IF(OR(AND(B228="Nam",I228>=90),AND(B228="Nữ",I228>=80)),2,0) -> 0 | Q228: =IF(OR(J228>=140,K228>=90),2,0) -> 0 | R228: =SUM(L228:Q228) -> 5 | S228: =IF((R228)>=6,"Có","Không cần") -> Không cần | T228: =IF((R228)>=6,"Có","Không") -> Không | U228: =IF(OR(J228>=140,K228>=90),"Có","Không") -> Không | V228: ấp Biển Đông A, Xã Vĩnh Trạch Đông, Thành phố Bạc Liêu, Tỉnh Bạc Liêu | W228: 46112 | X228: ="Tháng "&MONTH(W228) -> Tháng 3 | Y228: =LEFT(V228,FIND(",",V228)-1) -> ấp Biển Đông A
A229: HỨA VĂN TẢ | B229: Nam | C229: 01/01/1971 | D229: =DATEDIF(C229,TODAY(),"Y") -> 55 | E229: Có | F229: 169 | G229: 68 | H229: =G229/((F229/100)*(F229/100)) -> 23.80869 | I229: 99 | J229: 140 | K229: 80 | L229: =IF(B229="Nữ",0,2) -> 2 | M229: =IF(D229<45,0,IF(D229<=49,1,2)) -> 2 | N229: =IF(E229="Có",4,0) -> 4 | O229: =IF(H229<23,0,IF(H229<27.5,3,5)) -> 3 | P229: =IF(OR(AND(B229="Nam",I229>=90),AND(B229="Nữ",I229>=80)),2,0) -> 2 | Q229: =IF(OR(J229>=140,K229>=90),2,0) -> 2 | R229: =SUM(L229:Q229) -> 15 | S229: =IF((R229)>=6,"Có","Không cần") -> Có | T229: =IF((R229)>=6,"Có","Không") -> Có | U229: =IF(OR(J229>=140,K229>=90),"Có","Không") -> Có | V229: Ấp Biển Đông A, Phường Hiệp Thành, Tỉnh Cà Mau | W229: 46142 | X229: ="Tháng "&MONTH(W229) -> Tháng 4 | Y229: =LEFT(V229,FIND(",",V229)-1) -> Ấp Biển Đông A
A230: HỨA THỊ ÚT SAO | B230: Nữ | C230: 01/01/1962 | D230: =DATEDIF(C230,TODAY(),"Y") -> 64 | E230: Không | F230: 158 | G230: 58 | H230: =G230/((F230/100)*(F230/100)) -> 23.233456 | I230: 89 | J230: 120 | K230: 80 | L230: =IF(B230="Nữ",0,2) -> 0 | M230: =IF(D230<45,0,IF(D230<=49,1,2)) -> 2 | N230: =IF(E230="Có",4,0) -> 0 | O230: =IF(H230<23,0,IF(H230<27.5,3,5)) -> 3 | P230: =IF(OR(AND(B230="Nam",I230>=90),AND(B230="Nữ",I230>=80)),2,0) -> 2 | Q230: =IF(OR(J230>=140,K230>=90),2,0) -> 0 | R230: =SUM(L230:Q230) -> 7 | S230: =IF((R230)>=6,"Có","Không cần") -> Có | T230: =IF((R230)>=6,"Có","Không") -> Có | U230: =IF(OR(J230>=140,K230>=90),"Có","Không") -> Không | V230: ấp Giồng Giữa B, Phường Hiệp Thành, Thành phố Bạc Liêu, Tỉnh Cà Mau | W230: 46142 | X230: ="Tháng "&MONTH(W230) -> Tháng 4 | Y230: =LEFT(V230,FIND(",",V230)-1) -> ấp Giồng Giữa B
A231: LÂM THỊ SEN | B231: Nữ | C231: 01/01/1966 | D231: =DATEDIF(C231,TODAY(),"Y") -> 60 | E231: Không | F231: 158 | G231: 58 | H231: =G231/((F231/100)*(F231/100)) -> 23.233456 | I231: 77 | J231: 120 | K231: 80 | L231: =IF(B231="Nữ",0,2) -> 0 | M231: =IF(D231<45,0,IF(D231<=49,1,2)) -> 2 | N231: =IF(E231="Có",4,0) -> 0 | O231: =IF(H231<23,0,IF(H231<27.5,3,5)) -> 3 | P231: =IF(OR(AND(B231="Nam",I231>=90),AND(B231="Nữ",I231>=80)),2,0) -> 0 | Q231: =IF(OR(J231>=140,K231>=90),2,0) -> 0 | R231: =SUM(L231:Q231) -> 5 | S231: =IF((R231)>=6,"Có","Không cần") -> Không cần | T231: =IF((R231)>=6,"Có","Không") -> Không | U231: =IF(OR(J231>=140,K231>=90),"Có","Không") -> Không | V231: Ấp Biển Đông B, Phường Hiệp Thành, Tỉnh Cà Mau | W231: 46112 | X231: ="Tháng "&MONTH(W231) -> Tháng 3 | Y231: =LEFT(V231,FIND(",",V231)-1) -> Ấp Biển Đông B
... A550: PHẠM VĂN VIỂN | B550: Nam | C550: 01/01/1971 | D550: =DATEDIF(C550,TODAY(),"Y") -> 55 | E550: Không | F550: 160 | G550: 56 | H550: =G550/((F550/100)*(F550/100)) -> 21.875 | I550: 91 | J550: 120 | K550: 80 | L550: =IF(B550="Nữ",0,2) -> 2 | M550: =IF(D550<45,0,IF(D550<=49,1,2)) -> 2 | N550: =IF(E550="Có",4,0) -> 0 | O550: =IF(H550<23,0,IF(H550<27.5,3,5)) -> 0 | P550: =IF(OR(AND(B550="Nam",I550>=90),AND(B550="Nữ",I550>=80)),2,0) -> 2 | Q550: =IF(OR(J550>=140,K550>=90),2,0) -> 0 | R550: =SUM(L550:Q550) -> 6 | S550: =IF((R550)>=6,"Có","Không cần") -> Có | T550: =IF((R550)>=6,"Có","Không") -> Có | U550: =IF(OR(J550>=140,K550>=90),"Có","Không") -> Không | V550: ấp Giồng Giữa, Phường Hiệp Thành, Tỉnh Cà Mau | W550: 46081 | X550: ="Tháng "&MONTH(W550) -> Tháng 2 | Y550: =LEFT(V550,FIND(",",V550)-1) -> ấp Giồng Giữa
A551: KHƯU XIẾU HỐN | B551: Nữ | C551: 01/01/1968 | D551: =DATEDIF(C551,TODAY(),"Y") -> 58 | E551: Không | F551: 158 | G551: 58 | H551: =G551/((F551/100)*(F551/100)) -> 23.233456 | I551: 78 | J551: 150 | L551: =IF(B551="Nữ",0,2) -> 0 | M551: =IF(D551<45,0,IF(D551<=49,1,2)) -> 2 | N551: =IF(E551="Có",4,0) -> 0 | O551: =IF(H551<23,0,IF(H551<27.5,3,5)) -> 3 | P551: =IF(OR(AND(B551="Nam",I551>=90),AND(B551="Nữ",I551>=80)),2,0) -> 0 | Q551: =IF(OR(J551>=140,K551>=90),2,0) -> 2 | R551: =SUM(L551:Q551) -> 7 | S551: =IF((R551)>=6,"Có","Không cần") -> Có | T551: =IF((R551)>=6,"Có","Không") -> Có | U551: =IF(OR(J551>=140,K551>=90),"Có","Không") -> Có | V551: Phường Hiệp Thành, Tỉnh Cà Mau | W551: 46112 | X551: ="Tháng "&MONTH(W551) -> Tháng 3 | Y551: =LEFT(V551,FIND(",",V551)-1) -> Phường Hiệp Thành
A552: BÙI QUANG SANG | B552: Nam | C552: 01/01/1986 | D552: =DATEDIF(C552,TODAY(),"Y") -> 40 | E552: Không | F552: 175 | G552: 80 | H552: =G552/((F552/100)*(F552/100)) -> 26.122449 | I552: 85 | J552: 150 | K552: 90 | L552: =IF(B552="Nữ",0,2) -> 2 | M552: =IF(D552<45,0,IF(D552<=49,1,2)) -> 0 | N552: =IF(E552="Có",4,0) -> 0 | O552: =IF(H552<23,0,IF(H552<27.5,3,5)) -> 3 | P552: =IF(OR(AND(B552="Nam",I552>=90),AND(B552="Nữ",I552>=80)),2,0) -> 0 | Q552: =IF(OR(J552>=140,K552>=90),2,0) -> 2 | R552: =SUM(L552:Q552) -> 7 | S552: =IF((R552)>=6,"Có","Không cần") -> Có | T552: =IF((R552)>=6,"Có","Không") -> Có | U552: =IF(OR(J552>=140,K552>=90),"Có","Không") -> Có | V552: Khóm 2, Phường 3, Thành phố Bạc Liêu, Tỉnh Bạc Liêu | W552: 46081 | X552: ="Tháng "&MONTH(W552) -> Tháng 2 | Y552: =LEFT(V552,FIND(",",V552)-1) -> Khóm 2
A553: LÂM TẤN HƯNG | B553: Nam | C553: 01/01/1981 | D553: =DATEDIF(C553,TODAY(),"Y") -> 45 | E553: Có | F553: 158 | G553: 93 | H553: =G553/((F553/100)*(F553/100)) -> 37.253645 | I553: 67 | J553: 110 | K553: 70 | L553: =IF(B553="Nữ",0,2) -> 2 | M553: =IF(D553<45,0,IF(D553<=49,1,2)) -> 1 | N553: =IF(E553="Có",4,0) -> 4 | O553: =IF(H553<23,0,IF(H553<27.5,3,5)) -> 5 | P553: =IF(OR(AND(B553="Nam",I553>=90),AND(B553="Nữ",I553>=80)),2,0) -> 0 | Q553: =IF(OR(J553>=140,K553>=90),2,0) -> 0 | R553: =SUM(L553:Q553) -> 12 | S553: =IF((R553)>=6,"Có","Không cần") -> Có | T553: =IF((R553)>=6,"Có","Không") -> Có | U553: =IF(OR(J553>=140,K553>=90),"Có","Không") -> Không | V553: Khóm 1, Phường 2, Thành phố Bạc Liêu, Tỉnh Bạc Liêu | W553: 46081 | X553: ="Tháng "&MONTH(W553) -> Tháng 2 | Y553: =LEFT(V553,FIND(",",V553)-1) -> Khóm 1
A554: NGUYỄN THỊ TRÚC | B554: Nữ | C554: 01/01/1981 | D554: =DATEDIF(C554,TODAY(),"Y") -> 45 | E554: Có | F554: 157 | G554: 68 | H554: =G554/((F554/100)*(F554/100)) -> 27.587326 | I554: 84 | J554: 120 | K554: 70 | L554: =IF(B554="Nữ",0,2) -> 0 | M554: =IF(D554<45,0,IF(D554<=49,1,2)) -> 1 | N554: =IF(E554="Có",4,0) -> 4 | O554: =IF(H554<23,0,IF(H554<27.5,3,5)) -> 5 | P554: =IF(OR(AND(B554="Nam",I554>=90),AND(B554="Nữ",I554>=80)),2,0) -> 2 | Q554: =IF(OR(J554>=140,K554>=90),2,0) -> 0 | R554: =SUM(L554:Q554) -> 12 | S554: =IF((R554)>=6,"Có","Không cần") -> Có | T554: =IF((R554)>=6,"Có","Không") -> Có | U554: =IF(OR(J554>=140,K554>=90),"Có","Không") -> Không | V554: Khóm 1, Phường Bạc Liêu, Tỉnh Cà Mau | W554: 46081 | X554: ="Tháng "&MONTH(W554) -> Tháng 2 | Y554: =LEFT(V554,FIND(",",V554)-1) -> Khóm 1
A555: TRƯƠNG THANH LIÊM | B555: Nam | C555: 01/01/1983 | D555: =DATEDIF(C555,TODAY(),"Y") -> 43 | E555: Không | F555: 169 | G555: 68 | H555: =G555/((F555/100)*(F555/100)) -> 23.80869 | I555: 82 | J555: 130 | K555: 80 | L555: =IF(B555="Nữ",0,2) -> 2 | M555: =IF(D555<45,0,IF(D555<=49,1,2)) -> 0 | N555: =IF(E555="Có",4,0) -> 0 | O555: =IF(H555<23,0,IF(H555<27.5,3,5)) -> 3 | P555: =IF(OR(AND(B555="Nam",I555>=90),AND(B555="Nữ",I555>=80)),2,0) -> 0 | Q555: =IF(OR(J555>=140,K555>=90),2,0) -> 0 | R555: =SUM(L555:Q555) -> 5 | S555: =IF((R555)>=6,"Có","Không cần") -> Không cần | T555: =IF((R555)>=6,"Có","Không") -> Không | U555: =IF(OR(J555>=140,K555>=90),"Có","Không") -> Không | V555: ấp giồng Giữa B, Phường Hiệp Thành, Tỉnh Cà Mau | W555: 46112 | X555: ="Tháng "&MONTH(W555) -> Tháng 3 | Y555: =LEFT(V555,FIND(",",V555)-1) -> ấp giồng Giữa B
A556: HỒ THỊ HỒNG | B556: Nữ | C556: 01/01/1956 | D556: =DATEDIF(C556,TODAY(),"Y") -> 70 | E556: Không | F556: 147 | G556: 47 | H556: =G556/((F556/100)*(F556/100)) -> 21.750197 | I556: 88 | J556: 120 | K556: 80 | L556: =IF(B556="Nữ",0,2) -> 0 | M556: =IF(D556<45,0,IF(D556<=49,1,2)) -> 2 | N556: =IF(E556="Có",4,0) -> 0 | O556: =IF(H556<23,0,IF(H556<27.5,3,5)) -> 0 | P556: =IF(OR(AND(B556="Nam",I556>=90),AND(B556="Nữ",I556>=80)),2,0) -> 2 | Q556: =IF(OR(J556>=140,K556>=90),2,0) -> 0 | R556: =SUM(L556:Q556) -> 4 | S556: =IF((R556)>=6,"Có","Không cần") -> Không cần | T556: =IF((R556)>=6,"Có","Không") -> Không | U556: =IF(OR(J556>=140,K556>=90),"Có","Không") -> Không | V556: Khóm Chòm Xoài, Phường Hiệp Thành, Tỉnh Cà Mau | W556: 46142 | X556: ="Tháng "&MONTH(W556) -> Tháng 4 | Y556: =LEFT(V556,FIND(",",V556)-1) -> Khóm Chòm Xoài
A557: HOÀNG THỊ LIÊN | B557: Nữ | C557: 01/01/1969 | D557: =DATEDIF(C557,TODAY(),"Y") -> 57 | E557: Không | F557: 160 | G557: 70 | H557: =G557/((F557/100)*(F557/100)) -> 27.34375 | I557: 76 | J557: 120 | K557: 80 | L557: =IF(B557="Nữ",0,2) -> 0 | M557: =IF(D557<45,0,IF(D557<=49,1,2)) -> 2 | N557: =IF(E557="Có",4,0) -> 0 | O557: =IF(H557<23,0,IF(H557<27.5,3,5)) -> 3 | P557: =IF(OR(AND(B557="Nam",I557>=90),AND(B557="Nữ",I557>=80)),2,0) -> 0 | Q557: =IF(OR(J557>=140,K557>=90),2,0) -> 0 | R557: =SUM(L557:Q557) -> 5 | S557: =IF((R557)>=6,"Có","Không cần") -> Không cần | T557: =IF((R557)>=6,"Có","Không") -> Không | U557: =IF(OR(J557>=140,K557>=90),"Có","Không") -> Không | V557: khóm Nhà Mát, phường Hiệp Thành, tỉnh Cà Mau | W557: 46112 | X557: ="Tháng "&MONTH(W557) -> Tháng 3 | Y557: =LEFT(V557,FIND(",",V557)-1) -> khóm Nhà Mát
A558: NGUYỄN THỊ LY | B558: Nữ | C558: 01/01/1968 | D558: =DATEDIF(C558,TODAY(),"Y") -> 58 | E558: Có | F558: 158 | G558: 58 | H558: =G558/((F558/100)*(F558/100)) -> 23.233456 | I558: 88 | J558: 120 | K558: 80 | L558: =IF(B558="Nữ",0,2) -> 0 | M558: =IF(D558<45,0,IF(D558<=49,1,2)) -> 2 | N558: =IF(E558="Có",4,0) -> 4 | O558: =IF(H558<23,0,IF(H558<27.5,3,5)) -> 3 | P558: =IF(OR(AND(B558="Nam",I558>=90),AND(B558="Nữ",I558>=80)),2,0) -> 2 | Q558: =IF(OR(J558>=140,K558>=90),2,0) -> 0 | R558: =SUM(L558:Q558) -> 11 | S558: =IF((R558)>=6,"Có","Không cần") -> Có | T558: =IF((R558)>=6,"Có","Không") -> Có | U558: =IF(OR(J558>=140,K558>=90),"Có","Không") -> Không | V558: Phường Hiệp Thành, Tỉnh Cà Mau | W558: 46112 | X558: ="Tháng "&MONTH(W558) -> Tháng 3 | Y558: =LEFT(V558,FIND(",",V558)-1) -> Phường Hiệp Thành
A559: SƠN VŨ PHƯƠNG | B559: Nam | C559: 01/01/1986 | D559: =DATEDIF(C559,TODAY(),"Y") -> 40 | E559: Không | F559: 169 | G559: 68 | H559: =G559/((F559/100)*(F559/100)) -> 23.80869 | I559: 95 | J559: 120 | K559: 80 | L559: =IF(B559="Nữ",0,2) -> 2 | M559: =IF(D559<45,0,IF(D559<=49,1,2)) -> 0 | N559: =IF(E559="Có",4,0) -> 0 | O559: =IF(H559<23,0,IF(H559<27.5,3,5)) -> 3 | P559: =IF(OR(AND(B559="Nam",I559>=90),AND(B559="Nữ",I559>=80)),2,0) -> 2 | Q559: =IF(OR(J559>=140,K559>=90),2,0) -> 0 | R559: =SUM(L559:Q559) -> 7 | S559: =IF((R559)>=6,"Có","Không cần") -> Có | T559: =IF((R559)>=6,"Có","Không") -> Có | U559: =IF(OR(J559>=140,K559>=90),"Có","Không") -> Không | V559: Phường Hiệp Thành, Tỉnh Cà Mau | W559: 46112 | X559: ="Tháng "&MONTH(W559) -> Tháng 3 | Y559: =LEFT(V559,FIND(",",V559)-1) -> Phường Hiệp Thành
A560: HỒNG BẢO SƠN | B560: Nam | C560: 01/01/1975 | D560: =DATEDIF(C560,TODAY(),"Y") -> 51 | E560: Không | F560: 60 | G560: 167 | H560: =G560/((F560/100)*(F560/100)) -> 463.88889 | I560: 88 | J560: 160 | K560: 90 | L560: =IF(B560="Nữ",0,2) -> 2 | M560: =IF(D560<45,0,IF(D560<=49,1,2)) -> 2 | N560: =IF(E560="Có",4,0) -> 0 | O560: =IF(H560<23,0,IF(H560<27.5,3,5)) -> 5 | P560: =IF(OR(AND(B560="Nam",I560>=90),AND(B560="Nữ",I560>=80)),2,0) -> 0 | Q560: =IF(OR(J560>=140,K560>=90),2,0) -> 2 | R560: =SUM(L560:Q560) -> 11 | S560: =IF((R560)>=6,"Có","Không cần") -> Có | T560: =IF((R560)>=6,"Có","Không") -> Có | U560: =IF(OR(J560>=140,K560>=90),"Có","Không") -> Có | V560: Khóm Chòm Xoài, Phường Hiệp Thành, Tỉnh Cà Mau | W560: 46112 | X560: ="Tháng "&MONTH(W560) -> Tháng 3 | Y560: =LEFT(V560,FIND(",",V560)-1) -> Khóm Chòm Xoài
A561: LÊ THỊ HIẾU | B561: Nữ | C561: 01/01/1958 | D561: =DATEDIF(C561,TODAY(),"Y") -> 68 | E561: Có | F561: 157 | G561: 52 | H561: =G561/((F561/100)*(F561/100)) -> 21.096191 | I561: 66 | J561: 150 | K561: 80 | L561: =IF(B561="Nữ",0,2) -> 0 | M561: =IF(D561<45,0,IF(D561<=49,1,2)) -> 2 | N561: =IF(E561="Có",4,0) -> 4 | O561: =IF(H561<23,0,IF(H561<27.5,3,5)) -> 0 | P561: =IF(OR(AND(B561="Nam",I561>=90),AND(B561="Nữ",I561>=80)),2,0) -> 0 | Q561: =IF(OR(J561>=140,K561>=90),2,0) -> 2 | R561: =SUM(L561:Q561) -> 8 | S561: =IF((R561)>=6,"Có","Không cần") -> Có | T561: =IF((R561)>=6,"Có","Không") -> Có | U561: =IF(OR(J561>=140,K561>=90),"Có","Không") -> Có | V561: Giồng Giữa, Phường Hiệp Thành, Tỉnh Cà Mau | W561: 46142 | X561: ="Tháng "&MONTH(W561) -> Tháng 4 | Y561: =LEFT(V561,FIND(",",V561)-1) -> Giồng Giữa
A562: SƠN HẢI | B562: Nam | C562: 01/01/1970 | D562: =DATEDIF(C562,TODAY(),"Y") -> 56 | E562: Không | F562: 169 | G562: 68 | H562: =G562/((F562/100)*(F562/100)) -> 23.80869 | I562: 96 | J562: 90 | K562: 60 | L562: =IF(B562="Nữ",0,2) -> 2 | M562: =IF(D562<45,0,IF(D562<=49,1,2)) -> 2 | N562: =IF(E562="Có",4,0) -> 0 | O562: =IF(H562<23,0,IF(H562<27.5,3,5)) -> 3 | P562: =IF(OR(AND(B562="Nam",I562>=90),AND(B562="Nữ",I562>=80)),2,0) -> 2 | Q562: =IF(OR(J562>=140,K562>=90),2,0) -> 0 | R562: =SUM(L562:Q562) -> 9 | S562: =IF((R562)>=6,"Có","Không cần") -> Có | T562: =IF((R562)>=6,"Có","Không") -> Có | U562: =IF(OR(J562>=140,K562>=90),"Có","Không") -> Không | V562: Biển Đông B, Phường Hiệp Thành, Tỉnh Cà Mau | W562: 46112 | X562: ="Tháng "&MONTH(W562) -> Tháng 3 | Y562: =LEFT(V562,FIND(",",V562)-1) -> Biển Đông B
A563: TRẦN TUYẾT MAI | B563: Nữ | C563: 01/01/1978 | D563: =DATEDIF(C563,TODAY(),"Y") -> 48 | E563: Không | F563: 160 | G563: 67 | H563: =G563/((F563/100)*(F563/100)) -> 26.171875 | I563: 72 | J563: 120 | K563: 80 | L563: =IF(B563="Nữ",0,2) -> 0 | M563: =IF(D563<45,0,IF(D563<=49,1,2)) -> 1 | N563: =IF(E563="Có",4,0) -> 0 | O563: =IF(H563<23,0,IF(H563<27.5,3,5)) -> 3 | P563: =IF(OR(AND(B563="Nam",I563>=90),AND(B563="Nữ",I563>=80)),2,0) -> 0 | Q563: =IF(OR(J563>=140,K563>=90),2,0) -> 0 | R563: =SUM(L563:Q563) -> 4 | S563: =IF((R563)>=6,"Có","Không cần") -> Không cần | T563: =IF((R563)>=6,"Có","Không") -> Không | U563: =IF(OR(J563>=140,K563>=90),"Có","Không") -> Không | V563: giồng Nhãn A, Phường Hiệp Thành, Tỉnh Cà Mau | W563: 46142 | X563: ="Tháng "&MONTH(W563) -> Tháng 4 | Y563: =LEFT(V563,FIND(",",V563)-1) -> giồng Nhãn A
... A766: NGUYỄN THANH HẢO | B766: Nam | C766: 01/01/1963 | D766: =DATEDIF(C766,TODAY(),"Y") -> 63 | E766: Không | F766: 169 | G766: 69 | H766: =G766/((F766/100)*(F766/100)) -> 24.158818 | I766: 89 | J766: 140 | K766: 80 | L766: =IF(B766="Nữ",0,2) -> 2 | M766: =IF(D766<45,0,IF(D766<=49,1,2)) -> 2 | N766: =IF(E766="Có",4,0) -> 0 | O766: =IF(H766<23,0,IF(H766<27.5,3,5)) -> 3 | P766: =IF(OR(AND(B766="Nam",I766>=90),AND(B766="Nữ",I766>=80)),2,0) -> 0 | Q766: =IF(OR(J766>=140,K766>=90),2,0) -> 2 | R766: =SUM(L766:Q766) -> 9 | S766: =IF((R766)>=6,"Có","Không cần") -> Có | T766: =IF((R766)>=6,"Có","Không") -> Có | U766: =IF(OR(J766>=140,K766>=90),"Có","Không") -> Có | V766: Ấp Biển Tây A, Phường Hiệp Thành, Tỉnh Cà Mau | W766: 46053 | X766: ="Tháng "&MONTH(W766) -> Tháng 1 | Y766: =LEFT(V766,FIND(",",V766)-1) -> Ấp Biển Tây A
A767: DƯƠNG KIM CHUNG | B767: Nữ | C767: 23012 | D767: =DATEDIF(C767,TODAY(),"Y") -> 63 | E767: Có | F767: 160 | G767: 49 | H767: =G767/((F767/100)*(F767/100)) -> 19.140625 | I767: 86 | J767: 120 | K767: 80 | L767: =IF(B767="Nữ",0,2) -> 0 | M767: =IF(D767<45,0,IF(D767<=49,1,2)) -> 2 | N767: =IF(E767="Có",4,0) -> 4 | O767: =IF(H767<23,0,IF(H767<27.5,3,5)) -> 0 | P767: =IF(OR(AND(B767="Nam",I767>=90),AND(B767="Nữ",I767>=80)),2,0) -> 2 | Q767: =IF(OR(J767>=140,K767>=90),2,0) -> 0 | R767: =SUM(L767:Q767) -> 8 | S767: =IF((R767)>=6,"Có","Không cần") -> Có | T767: =IF((R767)>=6,"Có","Không") -> Có | U767: =IF(OR(J767>=140,K767>=90),"Có","Không") -> Không | V767: Phường Hiệp Thành, Tỉnh Cà Mau | W767: 46081 | X767: ="Tháng "&MONTH(W767) -> Tháng 2 | Y767: Phường Hiệp Thành
A768: VĂN THỊ NGỌC MAI | B768: Nữ | C768: 23377 | D768: =DATEDIF(C768,TODAY(),"Y") -> 62 | E768: Có | F768: 158 | G768: 58 | H768: =G768/((F768/100)*(F768/100)) -> 23.233456 | I768: 65 | J768: 130 | K768: 80 | L768: =IF(B768="Nữ",0,2) -> 0 | M768: =IF(D768<45,0,IF(D768<=49,1,2)) -> 2 | N768: =IF(E768="Có",4,0) -> 4 | O768: =IF(H768<23,0,IF(H768<27.5,3,5)) -> 3 | P768: =IF(OR(AND(B768="Nam",I768>=90),AND(B768="Nữ",I768>=80)),2,0) -> 0 | Q768: =IF(OR(J768>=140,K768>=90),2,0) -> 0 | R768: =SUM(L768:Q768) -> 9 | S768: =IF((R768)>=6,"Có","Không cần") -> Có | T768: =IF((R768)>=6,"Có","Không") -> Có | U768: =IF(OR(J768>=140,K768>=90),"Có","Không") -> Không | V768: Phường Hiệp Thành, Tỉnh Cà Mau | W768: 46081 | X768: ="Tháng "&MONTH(W768) -> Tháng 2 | Y768: Phường Hiệp Thành
A769: KHƯU VĂN HÙNG | B769: Nam | C769: 24838 | D769: =DATEDIF(C769,TODAY(),"Y") -> 58 | E769: Có | F769: 163 | G769: 54 | H769: =G769/((F769/100)*(F769/100)) -> 20.324438 | I769: 100 | J769: 150 | K769: 80 | L769: =IF(B769="Nữ",0,2) -> 2 | M769: =IF(D769<45,0,IF(D769<=49,1,2)) -> 2 | N769: =IF(E769="Có",4,0) -> 4 | O769: =IF(H769<23,0,IF(H769<27.5,3,5)) -> 0 | P769: =IF(OR(AND(B769="Nam",I769>=90),AND(B769="Nữ",I769>=80)),2,0) -> 2 | Q769: =IF(OR(J769>=140,K769>=90),2,0) -> 2 | R769: =SUM(L769:Q769) -> 12 | S769: =IF((R769)>=6,"Có","Không cần") -> Có | T769: =IF((R769)>=6,"Có","Không") -> Có | U769: =IF(OR(J769>=140,K769>=90),"Có","Không") -> Có | V769: Phường Hiệp Thành, Tỉnh Cà Mau | W769: 46053 | X769: ="Tháng "&MONTH(W769) -> Tháng 1 | Y769: Phường Hiệp Thành
A770: TRANG VĨNH MINH | B770: Nam | C770: 19725 | D770: =DATEDIF(C770,TODAY(),"Y") -> 72 | E770: Có | F770: 158 | G770: 58 | H770: =G770/((F770/100)*(F770/100)) -> 23.233456 | I770: 85 | J770: 120 | K770: 80 | L770: =IF(B770="Nữ",0,2) -> 2 | M770: =IF(D770<45,0,IF(D770<=49,1,2)) -> 2 | N770: =IF(E770="Có",4,0) -> 4 | O770: =IF(H770<23,0,IF(H770<27.5,3,5)) -> 3 | P770: =IF(OR(AND(B770="Nam",I770>=90),AND(B770="Nữ",I770>=80)),2,0) -> 0 | Q770: =IF(OR(J770>=140,K770>=90),2,0) -> 0 | R770: =SUM(L770:Q770) -> 11 | S770: =IF((R770)>=6,"Có","Không cần") -> Có | T770: =IF((R770)>=6,"Có","Không") -> Có | U770: =IF(OR(J770>=140,K770>=90),"Có","Không") -> Không | V770: Phường Hiệp Thành, Tỉnh Cà Mau | W770: 46081 | X770: ="Tháng "&MONTH(W770) -> Tháng 2 | Y770: Phường Hiệp Thành
A771: CHIÊM MỸ DU | B771: Nữ | C771: 17899 | D771: =DATEDIF(C771,TODAY(),"Y") -> 77 | E771: Không | F771: 162 | G771: 64 | H771: =G771/((F771/100)*(F771/100)) -> 24.386526 | I771: 67 | J771: 140 | K771: 80 | L771: =IF(B771="Nữ",0,2) -> 0 | M771: =IF(D771<45,0,IF(D771<=49,1,2)) -> 2 | N771: =IF(E771="Có",4,0) -> 0 | O771: =IF(H771<23,0,IF(H771<27.5,3,5)) -> 3 | P771: =IF(OR(AND(B771="Nam",I771>=90),AND(B771="Nữ",I771>=80)),2,0) -> 0 | Q771: =IF(OR(J771>=140,K771>=90),2,0) -> 2 | R771: =SUM(L771:Q771) -> 7 | S771: =IF((R771)>=6,"Có","Không cần") -> Có | T771: =IF((R771)>=6,"Có","Không") -> Có | U771: =IF(OR(J771>=140,K771>=90),"Có","Không") -> Có | V771: Phường Hiệp Thành, Tỉnh Cà Mau | W771: 46081 | X771: ="Tháng "&MONTH(W771) -> Tháng 2 | Y771: Phường Hiệp Thành
A772: ĐỖ THỊ HUA | B772: Nữ | C772: 20821 | D772: =DATEDIF(C772,TODAY(),"Y") -> 69 | E772: Không | F772: 158 | G772: 58 | H772: =G772/((F772/100)*(F772/100)) -> 23.233456 | I772: 72 | J772: 120 | K772: 80 | L772: =IF(B772="Nữ",0,2) -> 0 | M772: =IF(D772<45,0,IF(D772<=49,1,2)) -> 2 | N772: =IF(E772="Có",4,0) -> 0 | O772: =IF(H772<23,0,IF(H772<27.5,3,5)) -> 3 | P772: =IF(OR(AND(B772="Nam",I772>=90),AND(B772="Nữ",I772>=80)),2,0) -> 0 | Q772: =IF(OR(J772>=140,K772>=90),2,0) -> 0 | R772: =SUM(L772:Q772) -> 5 | S772: =IF((R772)>=6,"Có","Không cần") -> Không cần | T772: =IF((R772)>=6,"Có","Không") -> Không | U772: =IF(OR(J772>=140,K772>=90),"Có","Không") -> Không | V772: Phường Hiệp Thành, Tỉnh Cà Mau | W772: 46081 | X772: ="Tháng "&MONTH(W772) -> Tháng 2 | Y772: Phường Hiệp Thành
A773: THẠCH THỊ NGHIÊM | B773: Nữ | C773: 22647 | D773: =DATEDIF(C773,TODAY(),"Y") -> 64 | E773: Không | F773: 160 | G773: 49 | H773: =G773/((F773/100)*(F773/100)) -> 19.140625 | I773: 96 | J773: 130 | K773: 80 | L773: =IF(B773="Nữ",0,2) -> 0 | M773: =IF(D773<45,0,IF(D773<=49,1,2)) -> 2 | N773: =IF(E773="Có",4,0) -> 0 | O773: =IF(H773<23,0,IF(H773<27.5,3,5)) -> 0 | P773: =IF(OR(AND(B773="Nam",I773>=90),AND(B773="Nữ",I773>=80)),2,0) -> 2 | Q773: =IF(OR(J773>=140,K773>=90),2,0) -> 0 | R773: =SUM(L773:Q773) -> 4 | S773: =IF((R773)>=6,"Có","Không cần") -> Không cần | T773: =IF((R773)>=6,"Có","Không") -> Không | U773: =IF(OR(J773>=140,K773>=90),"Có","Không") -> Không | V773: Phường Hiệp Thành, Tỉnh Cà Mau | W773: 46081 | X773: ="Tháng "&MONTH(W773) -> Tháng 2 | Y773: Phường Hiệp Thành
A774: TRẦN THỊ MỸ | B774: Nữ | C774: 21551 | D774: =DATEDIF(C774,TODAY(),"Y") -> 67 | E774: Không | F774: 150 | G774: 60 | H774: =G774/((F774/100)*(F774/100)) -> 26.666667 | I774: 97 | J774: 120 | K774: 80 | L774: =IF(B774="Nữ",0,2) -> 0 | M774: =IF(D774<45,0,IF(D774<=49,1,2)) -> 2 | N774: =IF(E774="Có",4,0) -> 0 | O774: =IF(H774<23,0,IF(H774<27.5,3,5)) -> 3 | P774: =IF(OR(AND(B774="Nam",I774>=90),AND(B774="Nữ",I774>=80)),2,0) -> 2 | Q774: =IF(OR(J774>=140,K774>=90),2,0) -> 0 | R774: =SUM(L774:Q774) -> 7 | S774: =IF((R774)>=6,"Có","Không cần") -> Có | T774: =IF((R774)>=6,"Có","Không") -> Có | U774: =IF(OR(J774>=140,K774>=90),"Có","Không") -> Không | V774: Phường Hiệp Thành, Tỉnh Cà Mau | W774: 46053 | X774: ="Tháng "&MONTH(W774) -> Tháng 1 | Y774: Phường Hiệp Thành
A775: HUỲNH VĂN HOÀI | B775: Nam | C775: 23377 | D775: =DATEDIF(C775,TODAY(),"Y") -> 62 | E775: Có | F775: 158 | G775: 58 | H775: =G775/((F775/100)*(F775/100)) -> 23.233456 | I775: 86 | J775: 130 | K775: 80 | L775: =IF(B775="Nữ",0,2) -> 2 | M775: =IF(D775<45,0,IF(D775<=49,1,2)) -> 2 | N775: =IF(E775="Có",4,0) -> 4 | O775: =IF(H775<23,0,IF(H775<27.5,3,5)) -> 3 | P775: =IF(OR(AND(B775="Nam",I775>=90),AND(B775="Nữ",I775>=80)),2,0) -> 0 | Q775: =IF(OR(J775>=140,K775>=90),2,0) -> 0 | R775: =SUM(L775:Q775) -> 11 | S775: =IF((R775)>=6,"Có","Không cần") -> Có | T775: =IF((R775)>=6,"Có","Không") -> Có | U775: =IF(OR(J775>=140,K775>=90),"Có","Không") -> Không | V775: Phường Hiệp Thành, Tỉnh Cà Mau | W775: 46081 | X775: ="Tháng "&MONTH(W775) -> Tháng 2 | Y775: Phường Hiệp Thành
A776: TÁC VĂN HIẾN | B776: Nam | C776: 24473 | D776: =DATEDIF(C776,TODAY(),"Y") -> 59 | E776: Không | F776: 163 | G776: 54 | H776: =G776/((F776/100)*(F776/100)) -> 20.324438 | I776: 82 | J776: 130 | K776: 80 | L776: =IF(B776="Nữ",0,2) -> 2 | M776: =IF(D776<45,0,IF(D776<=49,1,2)) -> 2 | N776: =IF(E776="Có",4,0) -> 0 | O776: =IF(H776<23,0,IF(H776<27.5,3,5)) -> 0 | P776: =IF(OR(AND(B776="Nam",I776>=90),AND(B776="Nữ",I776>=80)),2,0) -> 0 | Q776: =IF(OR(J776>=140,K776>=90),2,0) -> 0 | R776: =SUM(L776:Q776) -> 4 | S776: =IF((R776)>=6,"Có","Không cần") -> Không cần | T776: =IF((R776)>=6,"Có","Không") -> Không | U776: =IF(OR(J776>=140,K776>=90),"Có","Không") -> Không | V776: Phường Hiệp Thành, Tỉnh Cà Mau | W776: 46053 | X776: ="Tháng "&MONTH(W776) -> Tháng 1 | Y776: Phường Hiệp Thành
A777: THẠCH THỊ VƯƠNG | B777: Nữ | C777: 26299 | D777: =DATEDIF(C777,TODAY(),"Y") -> 54 | E777: Có | F777: 158 | G777: 58 | H777: =G777/((F777/100)*(F777/100)) -> 23.233456 | I777: 88 | J777: 140 | K777: 80 | L777: =IF(B777="Nữ",0,2) -> 0 | M777: =IF(D777<45,0,IF(D777<=49,1,2)) -> 2 | N777: =IF(E777="Có",4,0) -> 4 | O777: =IF(H777<23,0,IF(H777<27.5,3,5)) -> 3 | P777: =IF(OR(AND(B777="Nam",I777>=90),AND(B777="Nữ",I777>=80)),2,0) -> 2 | Q777: =IF(OR(J777>=140,K777>=90),2,0) -> 2 | R777: =SUM(L777:Q777) -> 13 | S777: =IF((R777)>=6,"Có","Không cần") -> Có | T777: =IF((R777)>=6,"Có","Không") -> Có | U777: =IF(OR(J777>=140,K777>=90),"Có","Không") -> Có | V777: Phường Hiệp Thành, Tỉnh Cà Mau | W777: 46081 | X777: ="Tháng "&MONTH(W777) -> Tháng 2 | Y777: Phường Hiệp Thành
A778: HUỲNH THỊ NGỌC | B778: Nữ | C778: 24473 | D778: =DATEDIF(C778,TODAY(),"Y") -> 59 | E778: Không | F778: 169 | G778: 68 | H778: =G778/((F778/100)*(F778/100)) -> 23.80869 | I778: 76 | J778: 120 | K778: 80 | L778: =IF(B778="Nữ",0,2) -> 0 | M778: =IF(D778<45,0,IF(D778<=49,1,2)) -> 2 | N778: =IF(E778="Có",4,0) -> 0 | O778: =IF(H778<23,0,IF(H778<27.5,3,5)) -> 3 | P778: =IF(OR(AND(B778="Nam",I778>=90),AND(B778="Nữ",I778>=80)),2,0) -> 0 | Q778: =IF(OR(J778>=140,K778>=90),2,0) -> 0 | R778: =SUM(L778:Q778) -> 5 | S778: =IF((R778)>=6,"Có","Không cần") -> Không cần | T778: =IF((R778)>=6,"Có","Không") -> Không | U778: =IF(OR(J778>=140,K778>=90),"Có","Không") -> Không | V778: Phường Hiệp Thành, Tỉnh Cà Mau | W778: 46053 | X778: ="Tháng "&MONTH(W778) -> Tháng 1 | Y778: Phường Hiệp Thành
... A845: THẠCH THỊ HƯỜNG | B845: Nữ | C845: 26299 | D845: =DATEDIF(C845,TODAY(),"Y") -> 54 | E845: Có | F845: 158 | G845: 58 | H845: =G845/((F845/100)*(F845/100)) -> 23.233456 | I845: 70 | J845: 120 | K845: 80 | L845: =IF(B845="Nữ",0,2) -> 0 | M845: =IF(D845<45,0,IF(D845<=49,1,2)) -> 2 | N845: =IF(E845="Có",4,0) -> 4 | O845: =IF(H845<23,0,IF(H845<27.5,3,5)) -> 3 | P845: =IF(OR(AND(B845="Nam",I845>=90),AND(B845="Nữ",I845>=80)),2,0) -> 0 | Q845: =IF(OR(J845>=140,K845>=90),2,0) -> 0 | R845: =SUM(L845:Q845) -> 9 | S845: =IF((R845)>=6,"Có","Không cần") -> Có | T845: =IF((R845)>=6,"Có","Không") -> Có | U845: =IF(OR(J845>=140,K845>=90),"Có","Không") -> Không | V845: Phường Hiệp Thành, Tỉnh Cà Mau | W845: 46053 | X845: ="Tháng "&MONTH(W845) -> Tháng 1 | Y845: Phường Hiệp Thành
A846: LÂM THANH XUNG | B846: Nam | C846: 23377 | D846: =DATEDIF(C846,TODAY(),"Y") -> 62 | E846: Không | F846: 162 | G846: 56 | H846: =G846/((F846/100)*(F846/100)) -> 21.338211 | I846: 85 | J846: 120 | L846: =IF(B846="Nữ",0,2) -> 2 | M846: =IF(D846<45,0,IF(D846<=49,1,2)) -> 2 | N846: =IF(E846="Có",4,0) -> 0 | O846: =IF(H846<23,0,IF(H846<27.5,3,5)) -> 0 | P846: =IF(OR(AND(B846="Nam",I846>=90),AND(B846="Nữ",I846>=80)),2,0) -> 0 | Q846: =IF(OR(J846>=140,K846>=90),2,0) -> 2 | R846: =SUM(L846:Q846) -> 6 | S846: =IF((R846)>=6,"Có","Không cần") -> Có | T846: =IF((R846)>=6,"Có","Không") -> Có | U846: =IF(OR(J846>=140,K846>=90),"Có","Không") -> Có | V846: Phường Hiệp Thành, Tỉnh Cà Mau | W846: 46081 | X846: ="Tháng "&MONTH(W846) -> Tháng 2 | Y846: Phường Hiệp Thành
A847: SƠN HOÀNG SOẠN | B847: Nam | C847: 24838 | D847: =DATEDIF(C847,TODAY(),"Y") -> 58 | E847: Có | F847: 158 | G847: 58 | H847: =G847/((F847/100)*(F847/100)) -> 23.233456 | I847: 84 | J847: 120 | K847: 80 | L847: =IF(B847="Nữ",0,2) -> 2 | M847: =IF(D847<45,0,IF(D847<=49,1,2)) -> 2 | N847: =IF(E847="Có",4,0) -> 4 | O847: =IF(H847<23,0,IF(H847<27.5,3,5)) -> 3 | P847: =IF(OR(AND(B847="Nam",I847>=90),AND(B847="Nữ",I847>=80)),2,0) -> 0 | Q847: =IF(OR(J847>=140,K847>=90),2,0) -> 0 | R847: =SUM(L847:Q847) -> 11 | S847: =IF((R847)>=6,"Có","Không cần") -> Có | T847: =IF((R847)>=6,"Có","Không") -> Có | U847: =IF(OR(J847>=140,K847>=90),"Có","Không") -> Không | V847: Phường Hiệp Thành, Tỉnh Cà Mau | W847: 46081 | X847: ="Tháng "&MONTH(W847) -> Tháng 2 | Y847: Phường Hiệp Thành
A848: LƯU TÀI KHẾN | B848: Nam | C848: 20090 | D848: =DATEDIF(C848,TODAY(),"Y") -> 71 | E848: Không | F848: 175 | G848: 80 | H848: =G848/((F848/100)*(F848/100)) -> 26.122449 | I848: 81 | J848: 150 | K848: 80 | L848: =IF(B848="Nữ",0,2) -> 2 | M848: =IF(D848<45,0,IF(D848<=49,1,2)) -> 2 | N848: =IF(E848="Có",4,0) -> 0 | O848: =IF(H848<23,0,IF(H848<27.5,3,5)) -> 3 | P848: =IF(OR(AND(B848="Nam",I848>=90),AND(B848="Nữ",I848>=80)),2,0) -> 0 | Q848: =IF(OR(J848>=140,K848>=90),2,0) -> 2 | R848: =SUM(L848:Q848) -> 9 | S848: =IF((R848)>=6,"Có","Không cần") -> Có | T848: =IF((R848)>=6,"Có","Không") -> Có | U848: =IF(OR(J848>=140,K848>=90),"Có","Không") -> Có | V848: Phường Hiệp Thành, Tỉnh Cà Mau | W848: 46081 | X848: ="Tháng "&MONTH(W848) -> Tháng 2 | Y848: Phường Hiệp Thành
A849: THẠCH ĐÔNG | B849: Nam | C849: 25204 | D849: =DATEDIF(C849,TODAY(),"Y") -> 57 | E849: Không | F849: 147 | G849: 47 | H849: =G849/((F849/100)*(F849/100)) -> 21.750197 | I849: 76 | J849: 120 | K849: 80 | L849: =IF(B849="Nữ",0,2) -> 2 | M849: =IF(D849<45,0,IF(D849<=49,1,2)) -> 2 | N849: =IF(E849="Có",4,0) -> 0 | O849: =IF(H849<23,0,IF(H849<27.5,3,5)) -> 0 | P849: =IF(OR(AND(B849="Nam",I849>=90),AND(B849="Nữ",I849>=80)),2,0) -> 0 | Q849: =IF(OR(J849>=140,K849>=90),2,0) -> 0 | R849: =SUM(L849:Q849) -> 4 | S849: =IF((R849)>=6,"Có","Không cần") -> Không cần | T849: =IF((R849)>=6,"Có","Không") -> Không | U849: =IF(OR(J849>=140,K849>=90),"Có","Không") -> Không | V849: Phường Hiệp Thành, Tỉnh Cà Mau | W849: 46081 | X849: ="Tháng "&MONTH(W849) -> Tháng 2 | Y849: Phường Hiệp Thành
A850: TRẦN VĂN MÓT | B850: Nam | C850: 19360 | D850: =DATEDIF(C850,TODAY(),"Y") -> 73 | E850: Có | F850: 169 | G850: 68 | H850: =G850/((F850/100)*(F850/100)) -> 23.80869 | I850: 86 | J850: 140 | K850: 80 | L850: =IF(B850="Nữ",0,2) -> 2 | M850: =IF(D850<45,0,IF(D850<=49,1,2)) -> 2 | N850: =IF(E850="Có",4,0) -> 4 | O850: =IF(H850<23,0,IF(H850<27.5,3,5)) -> 3 | P850: =IF(OR(AND(B850="Nam",I850>=90),AND(B850="Nữ",I850>=80)),2,0) -> 0 | Q850: =IF(OR(J850>=140,K850>=90),2,0) -> 2 | R850: =SUM(L850:Q850) -> 13 | S850: =IF((R850)>=6,"Có","Không cần") -> Có | T850: =IF((R850)>=6,"Có","Không") -> Có | U850: =IF(OR(J850>=140,K850>=90),"Có","Không") -> Có | V850: Phường Hiệp Thành, Tỉnh Cà Mau | W850: 46081 | X850: ="Tháng "&MONTH(W850) -> Tháng 2 | Y850: Phường Hiệp Thành
A851: KIM BÊ | B851: Nam | C851: 20821 | D851: =DATEDIF(C851,TODAY(),"Y") -> 69 | E851: Không | F851: 170 | G851: 70 | H851: =G851/((F851/100)*(F851/100)) -> 24.221453 | I851: 69 | J851: 120 | K851: 80 | L851: =IF(B851="Nữ",0,2) -> 2 | M851: =IF(D851<45,0,IF(D851<=49,1,2)) -> 2 | N851: =IF(E851="Có",4,0) -> 0 | O851: =IF(H851<23,0,IF(H851<27.5,3,5)) -> 3 | P851: =IF(OR(AND(B851="Nam",I851>=90),AND(B851="Nữ",I851>=80)),2,0) -> 0 | Q851: =IF(OR(J851>=140,K851>=90),2,0) -> 0 | R851: =SUM(L851:Q851) -> 7 | S851: =IF((R851)>=6,"Có","Không cần") -> Có | T851: =IF((R851)>=6,"Có","Không") -> Có | U851: =IF(OR(J851>=140,K851>=90),"Có","Không") -> Không | V851: Phường Hiệp Thành, Tỉnh Cà Mau | W851: 46053 | X851: ="Tháng "&MONTH(W851) -> Tháng 1 | Y851: Phường Hiệp Thành
A852: QUÁCH THỊ PHOL | B852: Nữ | C852: 21551 | D852: =DATEDIF(C852,TODAY(),"Y") -> 67 | E852: Không | F852: 160 | G852: 55 | H852: =G852/((F852/100)*(F852/100)) -> 21.484375 | I852: 68 | J852: 150 | K852: 80 | L852: =IF(B852="Nữ",0,2) -> 0 | M852: =IF(D852<45,0,IF(D852<=49,1,2)) -> 2 | N852: =IF(E852="Có",4,0) -> 0 | O852: =IF(H852<23,0,IF(H852<27.5,3,5)) -> 0 | P852: =IF(OR(AND(B852="Nam",I852>=90),AND(B852="Nữ",I852>=80)),2,0) -> 0 | Q852: =IF(OR(J852>=140,K852>=90),2,0) -> 2 | R852: =SUM(L852:Q852) -> 4 | S852: =IF((R852)>=6,"Có","Không cần") -> Không cần | T852: =IF((R852)>=6,"Có","Không") -> Không | U852: =IF(OR(J852>=140,K852>=90),"Có","Không") -> Có | V852: Phường Hiệp Thành, Tỉnh Cà Mau | W852: 46081 | X852: ="Tháng "&MONTH(W852) -> Tháng 2 | Y852: Phường Hiệp Thành
A853: HUỲNH THANH VÂN | B853: Nữ | C853: 24108 | D853: =DATEDIF(C853,TODAY(),"Y") -> 60 | E853: Không | F853: 158 | G853: 58 | H853: =G853/((F853/100)*(F853/100)) -> 23.233456 | I853: 93 | J853: 140 | K853: 80 | L853: =IF(B853="Nữ",0,2) -> 0 | M853: =IF(D853<45,0,IF(D853<=49,1,2)) -> 2 | N853: =IF(E853="Có",4,0) -> 0 | O853: =IF(H853<23,0,IF(H853<27.5,3,5)) -> 3 | P853: =IF(OR(AND(B853="Nam",I853>=90),AND(B853="Nữ",I853>=80)),2,0) -> 2 | Q853: =IF(OR(J853>=140,K853>=90),2,0) -> 2 | R853: =SUM(L853:Q853) -> 9 | S853: =IF((R853)>=6,"Có","Không cần") -> Có | T853: =IF((R853)>=6,"Có","Không") -> Có | U853: =IF(OR(J853>=140,K853>=90),"Có","Không") -> Có | V853: Phường Hiệp Thành, Tỉnh Cà Mau | W853: 46053 | X853: ="Tháng "&MONTH(W853) -> Tháng 1 | Y853: Phường Hiệp Thành
A854: THẠCH THỊ HÔL | B854: Nữ | C854: 25934 | D854: =DATEDIF(C854,TODAY(),"Y") -> 55 | E854: Không | F854: 158 | G854: 58 | H854: =G854/((F854/100)*(F854/100)) -> 23.233456 | I854: 73 | J854: 120 | K854: 80 | L854: =IF(B854="Nữ",0,2) -> 0 | M854: =IF(D854<45,0,IF(D854<=49,1,2)) -> 2 | N854: =IF(E854="Có",4,0) -> 0 | O854: =IF(H854<23,0,IF(H854<27.5,3,5)) -> 3 | P854: =IF(OR(AND(B854="Nam",I854>=90),AND(B854="Nữ",I854>=80)),2,0) -> 0 | Q854: =IF(OR(J854>=140,K854>=90),2,0) -> 0 | R854: =SUM(L854:Q854) -> 5 | S854: =IF((R854)>=6,"Có","Không cần") -> Không cần | T854: =IF((R854)>=6,"Có","Không") -> Không | U854: =IF(OR(J854>=140,K854>=90),"Có","Không") -> Không | V854: Phường Hiệp Thành, Tỉnh Cà Mau | W854: 46081 | X854: ="Tháng "&MONTH(W854) -> Tháng 2 | Y854: Phường Hiệp Thành
A855: TRẦN THỊ HUỔI | B855: Nữ | C855: 24108 | D855: =DATEDIF(C855,TODAY(),"Y") -> 60 | E855: Có | F855: 158 | G855: 58 | H855: =G855/((F855/100)*(F855/100)) -> 23.233456 | I855: 73 | J855: 130 | K855: 80 | L855: =IF(B855="Nữ",0,2) -> 0 | M855: =IF(D855<45,0,IF(D855<=49,1,2)) -> 2 | N855: =IF(E855="Có",4,0) -> 4 | O855: =IF(H855<23,0,IF(H855<27.5,3,5)) -> 3 | P855: =IF(OR(AND(B855="Nam",I855>=90),AND(B855="Nữ",I855>=80)),2,0) -> 0 | Q855: =IF(OR(J855>=140,K855>=90),2,0) -> 0 | R855: =SUM(L855:Q855) -> 9 | S855: =IF((R855)>=6,"Có","Không cần") -> Có | T855: =IF((R855)>=6,"Có","Không") -> Có | U855: =IF(OR(J855>=140,K855>=90),"Có","Không") -> Không | V855: Phường Hiệp Thành, Tỉnh Cà Mau | W855: 46053 | X855: ="Tháng "&MONTH(W855) -> Tháng 1 | Y855: Phường Hiệp Thành
A856: LÝ KHA | B856: Nam | C856: 21551 | D856: =DATEDIF(C856,TODAY(),"Y") -> 67 | E856: Có | F856: 158 | G856: 58 | H856: =G856/((F856/100)*(F856/100)) -> 23.233456 | I856: 79 | J856: 150 | K856: 80 | L856: =IF(B856="Nữ",0,2) -> 2 | M856: =IF(D856<45,0,IF(D856<=49,1,2)) -> 2 | N856: =IF(E856="Có",4,0) -> 4 | O856: =IF(H856<23,0,IF(H856<27.5,3,5)) -> 3 | P856: =IF(OR(AND(B856="Nam",I856>=90),AND(B856="Nữ",I856>=80)),2,0) -> 0 | Q856: =IF(OR(J856>=140,K856>=90),2,0) -> 2 | R856: =SUM(L856:Q856) -> 13 | S856: =IF((R856)>=6,"Có","Không cần") -> Có | T856: =IF((R856)>=6,"Có","Không") -> Có | U856: =IF(OR(J856>=140,K856>=90),"Có","Không") -> Có | V856: Phường Hiệp Thành, Tỉnh Cà Mau | W856: 46081 | X856: ="Tháng "&MONTH(W856) -> Tháng 2 | Y856: Phường Hiệp Thành
A857: VŨ VĂN ĐIỆP | B857: Nam | C857: 21186 | D857: =DATEDIF(C857,TODAY(),"Y") -> 68 | E857: Không | F857: 169 | G857: 69 | H857: =G857/((F857/100)*(F857/100)) -> 24.158818 | I857: 81 | J857: 160 | K857: 80 | L857: =IF(B857="Nữ",0,2) -> 2 | M857: =IF(D857<45,0,IF(D857<=49,1,2)) -> 2 | N857: =IF(E857="Có",4,0) -> 0 | O857: =IF(H857<23,0,IF(H857<27.5,3,5)) -> 3 | P857: =IF(OR(AND(B857="Nam",I857>=90),AND(B857="Nữ",I857>=80)),2,0) -> 0 | Q857: =IF(OR(J857>=140,K857>=90),2,0) -> 2 | R857: =SUM(L857:Q857) -> 9 | S857: =IF((R857)>=6,"Có","Không cần") -> Có | T857: =IF((R857)>=6,"Có","Không") -> Có | U857: =IF(OR(J857>=140,K857>=90),"Có","Không") -> Có | V857: Phường Hiệp Thành, Tỉnh Cà Mau | W857: 46053 | X857: ="Tháng "&MONTH(W857) -> Tháng 1 | Y857: Phường Hiệp Thành
A858: NGUYỄN THỊ NĂM | B858: Nam | C858: 13150 | D858: =DATEDIF(C858,TODAY(),"Y") -> 90 | E858: Không | F858: 158 | G858: 58 | H858: =G858/((F858/100)*(F858/100)) -> 23.233456 | I858: 83 | J858: 120 | K858: 80 | L858: =IF(B858="Nữ",0,2) -> 2 | M858: =IF(D858<45,0,IF(D858<=49,1,2)) -> 2 | N858: =IF(E858="Có",4,0) -> 0 | O858: =IF(H858<23,0,IF(H858<27.5,3,5)) -> 3 | P858: =IF(OR(AND(B858="Nam",I858>=90),AND(B858="Nữ",I858>=80)),2,0) -> 0 | Q858: =IF(OR(J858>=140,K858>=90),2,0) -> 0 | R858: =SUM(L858:Q858) -> 7 | S858: =IF((R858)>=6,"Có","Không cần") -> Có | T858: =IF((R858)>=6,"Có","Không") -> Có | U858: =IF(OR(J858>=140,K858>=90),"Có","Không") -> Không | V858: Phường Hiệp Thành, Tỉnh Cà Mau | W858: 46081 | X858: ="Tháng "&MONTH(W858) -> Tháng 2 | Y858: Phường Hiệp Thành
... A951: PHẠM THỊ YẾN | B951: Nữ | C951: 23377 | D951: =DATEDIF(C951,TODAY(),"Y") -> 62 | E951: Có | F951: 169 | G951: 68 | H951: =G951/((F951/100)*(F951/100)) -> 23.80869 | I951: 99 | J951: 130 | K951: 80 | L951: =IF(B951="Nữ",0,2) -> 0 | M951: =IF(D951<45,0,IF(D951<=49,1,2)) -> 2 | N951: =IF(E951="Có",4,0) -> 4 | O951: =IF(H951<23,0,IF(H951<27.5,3,5)) -> 3 | P951: =IF(OR(AND(B951="Nam",I951>=90),AND(B951="Nữ",I951>=80)),2,0) -> 2 | Q951: =IF(OR(J951>=140,K951>=90),2,0) -> 0 | R951: =SUM(L951:Q951) -> 11 | S951: =IF((R951)>=6,"Có","Không cần") -> Có | T951: =IF((R951)>=6,"Có","Không") -> Có | U951: =IF(OR(J951>=140,K951>=90),"Có","Không") -> Không | V951: Phường Hiệp Thành, Tỉnh Cà Mau | W951: 46081 | X951: ="Tháng "&MONTH(W951) -> Tháng 2 | Y951: Phường Hiệp Thành
S956: Số người cần xét nghiệm đường máu mao mạch | T956: Số nghi ngờ ĐTĐ thông qua tầm soát | U956: Số nghi ngờ THA thông qua tầm soát
S957: =COUNTIF(S2:S951,"Có") -> 689 | T957: =COUNTIF(T2:T951,"Có") -> 689 | U957: =COUNTIF(U2:U951,"Có") -> 294

Sheet Bộ câu hỏi COPD - HEN
A1: Câu hỏi tầm soát Hen (GINA) | B1: 1 | C1: Ông/bà có những cơn khò khè/thở rít hay những đợt khò khè/thở rít tái đi tái lại?
B2: 2 | C2: Ông/bà có bị ho gây khó chịu lúc đêm khuya?
B3: 3 | C3: Ông/bà có bị thức giấc vì cơn ho hay khó thở bất cứ khi nào?
B4: 4 | C4: Ông/bà có bị ho, khò khè hay thở rít sau khi vận động thể lực (chạy, tập thể dục)?
B5: 5 | C5: Ông/bà có vấn đề hô hấp vào mùa nhất định nào đó trong năm?
B6: 6 | C6: Ông/bà có bị ho, khò khè hay nặng ngực khi hít phải chất kích thích trong không khí?
B7: 7 | C7: Ông/bà có những đợt cảm lạnh 'nhập vào phổi' HOẶC phải điều trị hơn mười ngày mới khỏi?
B8: 8 | C8: Khi có những triệu chứng hô hấp, ông/bà có cải thiện với điều trị hen thích hợp?
A9: Câu hỏi tầm soát bệnh Phổi tắc nghẽn mãn tính (GOLD) | B9: 1 | C9: Ông/bà có ho vài lần trong ngày ở hầu hết các ngày?
B10: 2 | C10: Ông/bà có khạc đàm ở hầu hết các ngày?
B11: 3 | C11: Ông/bà có dễ bị khó thở hơn những người cùng tuổi?
B12: 4 | C12: Ông/bà có trên 40 tuổi?
B13: 5 | C13: Ông/bà có vẫn còn hút thuốc lá hoặc đã từng hút thuốc lá?
